time,pair,direction,z_score,abs_z,spread,hawkes_intensity,kappa,har_rv,cross_corr,kalman_uncertainty,regime,entry_price,sl_price,tp_price,pair_index
2024-06-14 02:30:00+00:00,USD_CHF,1,-1.5154718313489368,1.5154718313489368,0.00017000000000000348,0.008480893849591817,0.2863546524923367,0.00015107261557048806,0.044626515673737745,0.06638004374289098,transitional,0.893745,0.893235,0.8942136148012516,5
2024-06-26 06:00:00+00:00,AUD_USD,-1,1.5197600905620088,1.5197600905620088,0.00012000000000000899,0.03631419400959121,0.2407074387593848,0.000366560688236451,0.1037253931413621,0.06879515336403226,transitional,0.66862,0.66898,0.6683370101893624,2
2024-06-28 07:00:00+00:00,USD_CAD,-1,2.0737187180823757,2.0737187180823757,0.000180000000000069,0.056972644559324034,0.3477480134769651,5.468764241556993e-05,-0.13245742660847437,0.06914065204378865,macro,1.37135,1.3718900000000003,1.3706853368397058,4
2024-06-28 07:30:00+00:00,USD_CAD,-1,2.603257231612763,2.603257231612763,0.000180000000000069,0.056972644559324034,0.3477480134769651,0.000269807124366646,-0.13280539466248031,0.06915035584025721,macro,1.3709799999999999,1.37152,1.3700919248926142,4
2024-07-01 00:00:00+00:00,NZD_USD,-1,1.6194018663236263,1.6194018663236263,0.000160000000000049,0.002446352614030935,0.19849755753388637,3.279441183253413e-05,-0.14906193097192874,0.06929888727831869,macro,0.6098399999999999,0.6103200000000001,0.6095999999999999,3
2024-07-02 00:30:00+00:00,NZD_USD,1,-1.9465450135402178,1.9465450135402178,0.00014999999999998348,0.002446352614029012,0.21182434170519032,0.0015332239743475946,-0.14914188097840586,0.06941599507952655,macro,0.6056349999999999,0.605185,0.6059130820611717,3
2024-07-02 01:00:00+00:00,NZD_USD,1,-1.615264823460984,1.615264823460984,0.00012999999999996348,0.0024463526140290105,0.21182434170519032,0.0002806971195521059,-0.15169336716951654,0.06942329223961015,macro,0.605465,0.6050750000000001,0.6056793369780529,3
2024-07-12 01:00:00+00:00,EUR_USD,-1,4.9597007182767525,4.9597007182767525,0.00017000000000000348,0.010694629006248,0.3192079833889456,5.059890706372439e-05,0.13235889581605678,0.07022305815578972,transitional,1.086925,1.087435,1.0850772910425672,0
2024-07-12 01:00:00+00:00,USD_CAD,-1,5.2105656885327125,5.2105656885327125,0.00019999999999997797,0.0,0.37368576198208786,1.1003480767886413e-05,0.13235889581605678,0.07022305815578972,transitional,1.36322,1.36382,1.3611159892196867,4
2024-07-17 00:00:00+00:00,GBP_USD,1,-1.607347431649068,1.607347431649068,0.00017000000000000348,0.002446355869423967,0.31438475701832663,0.0005933414757247799,-0.03322203002961002,0.07071539766048006,transitional,1.2969650000000001,1.2964550000000001,1.2975156471358094,1
2024-07-17 00:30:00+00:00,NZD_USD,-1,1.8741922849499475,1.8741922849499475,0.00012000000000000899,0.025682640850254485,0.28053184992377866,0.0005763878596250684,0.07402570496477856,0.07072340566001079,transitional,0.60758,0.60794,0.6071826637387662,3
2024-07-17 01:00:00+00:00,GBP_USD,1,-1.7397530010077076,1.7397530010077076,0.00018999999999991246,0.002446352614030934,0.31438475701832663,6.939384476602526e-05,0.10861753347509696,0.07073314173793767,transitional,1.297035,1.2964650000000002,1.2976515213054047,1
2024-07-18 01:30:00+00:00,GBP_USD,-1,2.5381628263536267,2.5381628263536267,0.00017000000000000348,0.0024463526140290105,0.33004004572034895,8.45851291652216e-05,0.053957973053020476,0.07071385816357856,transitional,1.3003550000000001,1.3008650000000002,1.299335612377873,1
2024-07-18 02:00:00+00:00,GBP_USD,-1,2.290924803452559,2.290924803452559,0.00018999999999991246,0.0024463526140290105,0.33004004572034895,0.0002845376839403397,0.057717956651566246,0.07072138339781132,transitional,1.299985,1.3005549999999997,1.2990895234031588,1
2024-07-18 02:00:00+00:00,NZD_USD,-1,2.213794340843655,2.213794340843655,0.0001300000000000745,0.025682640850254485,0.2817884802854595,8.235332872382846e-06,0.057717956651566246,0.07072138339781132,transitional,0.607145,0.6075350000000003,0.6066371217865908,3
2024-07-25 01:00:00+00:00,USD_CAD,1,-2.122912596971735,2.122912596971735,0.000180000000000069,0.02108633802266255,0.3585157501333504,0.00025336981858737495,0.6963229026692831,0.072309381175013,transitional,1.3817300000000001,1.38119,1.3825522015290406,4
2024-07-25 01:30:00+00:00,USD_CAD,1,-2.4600013201624127,2.4600013201624127,0.0001900000000001345,0.02108633802266255,0.3585157501333504,0.00024244968264409294,0.6335329583556584,0.0723193218557082,transitional,1.3820649999999999,1.3814949999999995,1.3830582184868916,4
2024-07-31 05:00:00+00:00,AUD_USD,1,-1.7247644002410976,1.7247644002410976,0.0001300000000000745,0.036291381959096286,0.2685991274164369,0.0015706443491449685,0.1839324710692053,0.07241731115277232,transitional,0.648395,0.6480049999999998,0.6490419943368015,2
2024-07-31 05:30:00+00:00,AUD_USD,1,-1.8367026958803023,1.8367026958803023,0.00012000000000000899,0.036291381959096286,0.2685991274164369,0.001056454784506523,0.18326878092720852,0.07242728268361938,transitional,0.6490800000000001,0.6487200000000001,0.6497868728789221,2
2024-07-31 05:30:00+00:00,USD_CHF,1,-1.6205282988758012,1.6205282988758012,0.00014999999999998348,0.0076305510673919524,0.21824736975807926,0.0004197081326957921,0.18326878092720852,0.07242728268361938,transitional,0.8819349999999999,0.881485,0.8823955849659997,5
2024-08-02 07:00:00+00:00,GBP_USD,1,-1.7006079080625602,1.7006079080625602,0.00017000000000000348,0.056972644559324034,0.2516057991263533,0.0010254596888262977,0.46814606684887383,0.07197271535526649,transitional,1.2712949999999998,1.2707849999999998,1.2722413780161115,1
2024-08-02 07:30:00+00:00,GBP_USD,1,-1.5239996403923208,1.5239996403923208,0.00017000000000000348,0.056972644559324034,0.2516057991263533,7.865994910777707e-06,0.46612084472206156,0.07198205185495855,transitional,1.271305,1.2707721391824047,1.272112173070016,1
2024-08-06 09:30:00+00:00,GBP_USD,1,-1.945378611279672,1.945378611279672,0.000180000000000069,0.04968219563985246,0.2619264975282376,0.0004207314435808081,0.39106912372234875,0.06961761733461563,transitional,1.2710599999999999,1.2705199999999996,1.2727143287781164,1
2024-08-06 10:00:00+00:00,GBP_USD,1,-1.952137060013347,1.952137060013347,0.00015999999999993797,0.04968219563985246,0.2619264975282376,0.000605793589602128,0.3748225255665781,0.06962574083609656,transitional,1.2702900000000001,1.2698100000000003,1.27195105738948,1
2024-08-29 01:00:00+00:00,NZD_USD,-1,1.9091217200203967,1.9091217200203967,0.00015999999999993797,0.0036745514889961854,0.29331876773485965,0.0025796043541804407,-0.04810731290136837,0.0681117923652128,macro,0.62768,0.6281599999999998,0.6269797405811675,3
2024-08-29 01:30:00+00:00,NZD_USD,-1,2.8075807373636295,2.8075807373636295,0.00014999999999998348,0.0036745514889961854,0.29331876773485965,0.0010913204180474563,-0.06180144359343159,0.06812113337885761,macro,0.6283650000000001,0.628815,0.6272170022129022,3
2024-09-06 07:30:00+00:00,NZD_USD,-1,1.9318293944168987,1.9318293944168987,0.00017000000000000348,0.041142414674668365,0.2609977873533177,0.00019274166994594734,0.009965097093710958,0.0687111163534862,transitional,0.622715,0.623225,0.6222435149482265,3
2024-09-06 08:00:00+00:00,NZD_USD,-1,1.917868728250205,1.917868728250205,0.000140000000000029,0.041142414674668365,0.2609977873533177,0.0006022016492297135,-0.03691480499149381,0.06871550886468879,transitional,0.62234,0.6227600000000001,0.6218733931967072,3
2024-09-11 02:00:00+00:00,EUR_USD,-1,1.5240749928875632,1.5240749928875632,0.0001500000000000945,0.0,0.3555355332268385,0.00030353000869821493,-0.05001918770874788,0.06878668424179803,transitional,1.104015,1.1044650000000003,1.1035667815665617,0
2024-09-11 07:00:00+00:00,EUR_USD,-1,2.744868507707499,2.744868507707499,0.00015999999999993797,0.0,0.35771813818760995,0.0003938344537246606,0.11485221768164434,0.06876018471928001,transitional,1.1049600000000002,1.10544,1.1039759311343036,0
2024-09-19 02:00:00+00:00,EUR_USD,1,-1.6684314760533108,1.6684314760533108,0.00015999999999993797,0.0024463526140290105,0.38282261529159894,0.0014797036983571594,-0.0029412954664480967,0.06726236280036064,transitional,1.1099700000000001,1.1094900000000003,1.110515685589744,0
2024-10-11 07:30:00+00:00,GBP_USD,-1,2.042329404028849,2.042329404028849,0.00017000000000000348,0.022661816289619496,0.24603655824312756,0.0013133811715513488,-0.13127790578120815,0.06528111643987967,macro,1.307505,1.308015,1.3062400707626596,1
2024-10-23 00:30:00+00:00,EUR_USD,-1,1.7310414313402462,1.7310414313402462,0.000140000000000029,0.0,0.3102083226753565,0.0001944930677114751,-0.12240724268509691,0.06719528862028874,macro,1.07952,1.0799400000000001,1.0790262558181674,0
2024-10-23 01:00:00+00:00,EUR_USD,-1,2.5352116664619775,2.5352116664619775,0.00015999999999993797,0.0,0.3102083226753565,9.263376315359002e-06,-0.1289745446472533,0.06719620428162053,macro,1.07953,1.08001,1.078713712910016,0
2024-10-23 03:30:00+00:00,EUR_USD,-1,1.5761245519271634,1.5761245519271634,0.0001500000000000945,0.0,0.3102083226753565,0.00015276787615615546,-0.14526867341333388,0.06720817448050682,macro,1.080235,1.0806850000000003,1.0798031037700209,0
2024-10-23 04:00:00+00:00,EUR_USD,-1,1.6528354312852636,1.6528354312852636,0.00015999999999993797,0.0,0.3102083226753565,9.720107198897124e-05,-0.1302900472730977,0.06721342755927066,macro,1.08013,1.0806099999999998,1.0796673612852339,0
2024-10-23 05:00:00+00:00,EUR_USD,-1,2.273581853128223,2.273581853128223,0.00015999999999993797,0.0,0.31131586673860484,0.000245319262190967,-0.10508328817437354,0.06723246793954683,macro,1.0804900000000002,1.08097,1.0797765299665922,0
2024-10-23 05:30:00+00:00,EUR_USD,-1,1.9658542085354802,1.9658542085354802,0.00017000000000000348,0.0,0.31131586673860484,0.00018047367398100616,-0.08669998201307487,0.06724200505744336,macro,1.080685,1.081195,1.0800952150986558,0
2024-10-23 07:00:00+00:00,EUR_USD,1,-1.5436091037285313,1.5436091037285313,0.0001500000000000945,0.0,0.31131586673860484,0.0006949238131858204,-0.0880128690334902,0.0672490987424643,macro,1.078505,1.0780549999999998,1.0789240479982207,0
2024-10-23 07:30:00+00:00,EUR_USD,1,-2.302528824693758,2.302528824693758,0.00015999999999993797,0.0,0.31131586673860484,0.0003013430628507994,-0.11158194231113622,0.06725903669227877,macro,1.0781800000000001,1.0777000000000003,1.0789035644789984,0
2024-10-29 01:30:00+00:00,NZD_USD,1,-1.7582685472705974,1.7582685472705974,0.00012999999999996348,0.002446352614029012,0.31199720969680184,0.0003344901116360734,-0.1123226033380773,0.06828660380265238,macro,0.598125,0.5977350000000001,0.5984668648435778,3
2024-11-01 00:00:00+00:00,NZD_USD,1,-1.7096723737825146,1.7096723737825146,0.00017000000000000348,0.008480893849591817,0.29554738886512966,0.0010718562372821953,-0.13045169552129446,0.06830418412999052,macro,0.596455,0.595945,0.596767589412662,3
2024-11-04 00:30:00+00:00,NZD_USD,-1,2.157075985017696,2.157075985017696,0.00015999999999993797,0.008480893849591817,0.30383378528048594,0.0015870099062827631,-0.022604437374755294,0.06774287115341958,transitional,0.59956,0.6000399999999998,0.5991239707411434,3
2024-11-06 00:00:00+00:00,USD_CAD,1,-3.169188981009067,3.169188981009067,0.000180000000000069,0.025682640850254485,0.25868655315397904,0.002515377776492586,-0.14436951220313857,0.06739289942543135,macro,1.3869699999999998,1.3864299999999996,1.3881755590719838,4
2024-11-06 00:30:00+00:00,USD_CAD,1,-2.6096343465858878,2.6096343465858878,0.00019999999999997797,0.025682640850254485,0.25868655315397904,0.001189643611613896,-0.12879894112215776,0.06708674469765706,macro,1.38862,1.38802,1.3895739655867438,4
2024-11-06 01:00:00+00:00,USD_CHF,1,-1.9438384189508846,1.9438384189508846,0.00017000000000000348,0.032969025792278256,0.2940749491059356,0.0009728410412277759,-0.11200468929653287,0.06709469623965335,macro,0.869435,0.868925,0.8700693193550363,5
2024-11-06 01:30:00+00:00,USD_CHF,1,-2.210716383108396,2.210716383108396,0.00017000000000000348,0.032969025792286534,0.2940749491059356,0.00036805511625362614,-0.08612552624820322,0.06709609285129314,macro,0.869115,0.868605,0.8698662898306543,5
2024-11-06 02:00:00+00:00,USD_CHF,1,-1.7060560175977761,1.7060560175977761,0.00017999999999995797,0.032969025792278256,0.2940749491059356,0.0032734448260587673,-0.05517050576299988,0.06674459100431072,macro,0.8719600000000001,0.8714200000000002,0.8724913935674943,5
2024-11-06 04:00:00+00:00,USD_CAD,-1,1.7494280681734398,1.7494280681734398,0.00019999999999997797,0.025682640850254485,0.26141664621832217,0.0006999658990971619,-0.0017032542533543633,0.06660107803855037,transitional,1.39195,1.39255,1.391379826379753,4
2024-11-06 07:30:00+00:00,USD_CHF,1,-4.429635863669468,4.429635863669468,0.00014999999999998348,0.032969025792286534,0.29464223916363613,0.002320810507254776,-0.05857881095576224,0.06622386041980692,macro,0.874565,0.8741150000000001,0.8763147713886713,5
2024-11-06 08:00:00+00:00,USD_CHF,1,-2.6345819890820494,2.6345819890820494,0.00014999999999998348,0.032969025792278256,0.29464223916363613,0.0006517525855710717,-0.05972766604034848,0.0661934899957551,macro,0.8739950000000001,0.8735450000000001,0.8749448580288312,5
2024-11-06 08:30:00+00:00,USD_CHF,1,-3.811318973066712,3.811318973066712,0.00013999999999991797,0.032969025792278256,0.29464223916363613,0.0006807819266702343,-0.08270070281663237,0.06600617075144655,macro,0.8734,0.8729800000000002,0.8748724857967055,5
2024-11-06 09:00:00+00:00,USD_CHF,1,-3.4642878044709433,3.4642878044709433,0.00015999999999993797,0.032969025792278256,0.29464223916363613,0.0010533547057476637,-0.11590452739503546,0.06598680784495457,macro,0.87432,0.8738400000000002,0.8756395555858874,5
2024-11-07 00:00:00+00:00,USD_CHF,1,-1.6254708290618813,1.6254708290618813,0.00015999999999993797,0.032969025792286534,0.253548794347541,0.001193283356266481,-0.1489634710759095,0.06570484788678253,macro,0.87678,0.8763000000000002,0.8772880335399104,5
2024-11-07 00:30:00+00:00,USD_CHF,1,-2.2088130732608424,2.2088130732608424,0.000140000000000029,0.032969025792278256,0.253548794347541,0.00044480941627325865,-0.14416541903422084,0.06571424032304385,macro,0.87717,0.8767499999999999,0.8779416952643839,5
2024-11-07 01:00:00+00:00,USD_CHF,1,-2.167118410275603,2.167118410275603,0.000140000000000029,0.032969025792278256,0.253548794347541,7.980209081484775e-05,-0.1284615452941393,0.06571994149807757,macro,0.8771,0.8766799999999999,0.877852805989448,5
2024-11-07 01:30:00+00:00,USD_CHF,1,-2.97924383002233,2.97924383002233,0.000140000000000029,0.032969025792278256,0.253548794347541,0.0006612700946300479,-0.13216377281558409,0.0656947674775303,macro,0.87652,0.8760999999999999,0.8776387900064064,5
2024-11-07 02:00:00+00:00,USD_CAD,-1,2.405407319242497,2.405407319242497,0.00019999999999997797,0.010549952552475948,0.2755683120266008,0.001518115096811331,-0.14277240696542304,0.0656376559182741,macro,1.39106,1.39166,1.3901250638069185,4
2024-11-07 02:00:00+00:00,USD_CHF,1,-2.105770861660269,2.105770861660269,0.000140000000000029,0.010549952552475948,0.2516667789226925,0.0008898827180212925,-0.14277240696542304,0.0656376559182741,macro,0.87574,0.8753199999999999,0.8764665031831108,5
2024-11-07 02:00:00+00:00,USD_JPY,1,-1.8022316370147549,1.8022316370147549,0.020000000000010232,0.03337698811817652,0.2806721460006941,0.0006051212022175103,-0.14277240696542304,0.0656376559182741,macro,154.421,154.36099999999996,154.58542256564832,6
2024-11-07 02:30:00+00:00,USD_CAD,-1,2.2828367369232603,2.2828367369232603,0.00017000000000000348,0.010549952552475948,0.2755683120266008,0.0006937155837992776,-0.15174802472616106,0.06559934879651906,macro,1.390095,1.390605,1.389220813014899,4
2024-11-07 02:30:00+00:00,USD_CHF,1,-2.6029663743934974,2.6029663743934974,0.00017000000000000348,0.010549952552475948,0.2516667789226925,0.00018841208577882965,-0.15174802472616106,0.06559934879651906,macro,0.875575,0.875065,0.876526271406925,5
2024-11-07 02:30:00+00:00,USD_JPY,1,-2.948467852773455,2.948467852773455,0.01700000000002433,0.03337698811817652,0.2806721460006941,0.00012627816164906695,-0.15174802472616106,0.06559934879651906,macro,154.4405,154.3894999999999,154.74968785283917,6
2024-11-07 03:00:00+00:00,USD_CAD,-1,2.313034221041292,2.313034221041292,0.00017999999999984695,0.010549952552475948,0.2755683120266008,0.0001043094177016827,-0.15092975814835957,0.06560281500442938,macro,1.38995,1.3904899999999996,1.389061098866467,4
2024-11-07 03:00:00+00:00,USD_CHF,1,-3.334276783598723,3.334276783598723,0.00015999999999993797,0.010549952552475948,0.2516667789226925,0.00031407931930441346,-0.15092975814835957,0.06560281500442938,macro,0.87585,0.8753700000000002,0.877132480455473,5
2024-11-07 03:00:00+00:00,USD_JPY,1,-3.215432533699588,3.215432533699588,0.016999999999995907,0.03337698811817652,0.2806721460006941,0.00016187463780576318,-0.15092975814835957,0.06560281500442938,macro,154.4655,154.4145,154.80845515057706,6
2024-11-19 10:00:00+00:00,USD_CHF,-1,1.7961925744203813,1.7961925744203813,0.000140000000000029,0.010694629006248,0.23072947865740345,0.0009563096632544706,0.03504837239898141,0.06517942551018698,transitional,0.88276,0.8831800000000001,0.8821613749482816,5
2024-11-19 10:00:00+00:00,USD_JPY,-1,2.9930128632801343,2.9930128632801343,0.018000000000000682,0.0036745514889961854,0.2162516573287449,0.000725130149481116,0.03504837239898141,0.06517942551018698,transitional,153.654,153.708,153.3189120919211,6
2024-11-19 11:00:00+00:00,USD_CAD,-1,1.576783923899243,1.576783923899243,0.0001900000000001345,0.026443212728368873,0.2727832418418141,0.00016761051595504822,0.03286091498785905,0.06519445827796043,transitional,1.401825,1.4023950000000005,1.4012228567936722,4
2024-11-19 11:00:00+00:00,USD_JPY,1,-1.789113569115199,1.789113569115199,0.020999999999986585,0.0036745514889961854,0.2162516573287449,8.453662549296353e-05,0.03286091498785905,0.06519445827796043,transitional,153.7665,153.70350000000005,153.9398976771429,6
2024-11-28 00:00:00+00:00,NZD_USD,-1,2.1876798219134037,2.1876798219134037,0.00017000000000000348,0.032969025792286534,0.2904253603936376,0.000992753746160777,-0.11285301112983762,0.06370990744709248,macro,0.589855,0.590365,0.5893632975828684,3
2024-11-28 00:30:00+00:00,NZD_USD,-1,3.361841419182711,3.361841419182711,0.00015999999999993797,0.032969025792278256,0.2904253603936376,0.00014410321180632045,-0.10267684569783225,0.06370533396074561,macro,0.58977,0.5902499999999998,0.588936327909685,3
2024-11-28 01:00:00+00:00,NZD_USD,-1,2.6686715560969954,2.6686715560969954,0.00014999999999998348,0.032969025792278256,0.2904253603936376,0.00041541617918857386,-0.10335322620195148,0.06371255924762381,macro,0.590015,0.5904649999999999,0.5893829901361815,3
2024-11-28 01:30:00+00:00,NZD_USD,-1,2.324040131892519,2.324040131892519,0.00012999999999996348,0.032969025792278256,0.2904253603936376,0.00023728210299752393,-0.11141887413895886,0.06372242951565842,macro,0.590155,0.5905449999999999,0.5896232989714981,3
2024-11-29 01:30:00+00:00,NZD_USD,1,-1.7664172348755538,1.7664172348755538,0.00017999999999995797,0.032969025792278256,0.28549336200883085,0.0002201598699364727,0.12993848286970955,0.06403083608386184,transitional,0.5903499999999999,0.5898100000000001,0.5907177756751523,3
2024-11-29 03:30:00+00:00,NZD_USD,-1,1.9089030599457006,1.9089030599457006,0.00014999999999998348,0.032969025792278256,0.28586144147031983,0.0017024087813802464,0.21968199195539828,0.0640361217662996,transitional,0.591345,0.591795,0.5909343045185111,3
2024-11-29 04:00:00+00:00,NZD_USD,-1,1.6859716198157044,1.6859716198157044,0.000160000000000049,0.032969025792278256,0.28586144147031983,0.0002452037304790567,0.23383857587948442,0.06404270727923965,transitional,0.5914900000000001,0.5919700000000002,0.5911442043015982,3
2024-11-29 04:30:00+00:00,NZD_USD,-1,1.9802492828148082,1.9802492828148082,0.00015999999999993797,0.032969025792278256,0.28586144147031983,0.00042266141439436194,0.1958311989429872,0.06404754768740069,transitional,0.59124,0.5917199999999998,0.5908085836988687,3
2024-11-29 07:30:00+00:00,NZD_USD,-1,1.6548398807461122,1.6548398807461122,0.000160000000000049,0.032969025792278256,0.28586144147031983,0.001121842182953378,0.16612576957696334,0.06396416245255541,transitional,0.5921099999999999,0.5925900000000001,0.5917729284855259,3
2024-11-29 08:00:00+00:00,NZD_USD,-1,1.79919777233928,1.79919777233928,0.000140000000000029,0.032969025792278256,0.28648310513378183,0.0007599939200486264,0.15379137905949203,0.06395686621537246,transitional,0.59166,0.59208,0.5912771663690761,3
2024-12-10 01:00:00+00:00,GBP_USD,-1,1.5323979144443451,1.5323979144443451,0.00019999999999997797,0.00626771930714852,0.25152474872455244,0.00034904287736838355,-0.006291719745530088,0.06362217782501765,transitional,1.27447,1.27507,1.273876624143223,1
2024-12-11 07:30:00+00:00,EUR_USD,1,-2.0479180239885264,2.0479180239885264,0.00015999999999993797,0.0,0.26740553080972324,0.0016274709482160363,-0.12731512277240262,0.06379630249725741,macro,1.049,1.0485200000000001,1.0499178365957926,0
2024-12-12 02:00:00+00:00,AUD_USD,-1,3.014051610070399,3.014051610070399,0.00013999999999991797,0.018673565052919686,0.22549167568731907,0.00031195408035963385,-0.08244498131461178,0.0636844229422735,macro,0.6409199999999999,0.6413399999999997,0.6399778914374967,2
2024-12-12 11:00:00+00:00,USD_CHF,-1,1.547793734822812,1.547793734822812,0.000140000000000029,0.002446352614029012,0.1933994630205213,0.0009245270255035269,-0.1121536316173325,0.0637675934937073,macro,0.88612,0.8865400000000001,0.8856847484148687,5
2024-12-20 08:00:00+00:00,EUR_USD,-1,1.6228402225766159,1.6228402225766159,0.000140000000000029,0.01625949063590852,0.32321393066977405,0.0011509363999284811,0.19247974435459925,0.06340897117407125,transitional,1.03948,1.0399,1.0388755657559272,0
2025-01-13 01:30:00+00:00,GBP_USD,1,-1.7638283571383657,1.7638283571383657,0.00020000000000020002,0.002446355869423967,0.2294912080702995,0.0008277670778183042,-0.0932759116585206,0.06344745063316481,macro,1.21914,1.2185399999999993,1.2200872260788063,1
2025-01-13 01:30:00+00:00,USD_CAD,1,-1.5416984864055825,1.5416984864055825,0.00019999999999997797,0.032969025792278256,0.28930877724674925,1.3866548338910372e-05,-0.0932759116585206,0.06344745063316481,macro,1.4423,1.4417,1.4430911277494416,4
2025-01-13 02:00:00+00:00,GBP_USD,1,-1.8527337585534014,1.8527337585534014,0.00019999999999997797,0.002446352616531275,0.22416134567718776,4.1012517020061854e-05,-0.0993881466277473,0.06345512539486985,macro,1.21909,1.21849,1.220098460299818,1
2025-01-13 02:30:00+00:00,GBP_USD,1,-2.2229124247456533,2.2229124247456533,0.000180000000000069,0.002446352614030934,0.22416134567718776,0.0007874726230221627,-0.11256020514189649,0.06346285317193752,macro,1.21813,1.2175899999999997,1.21941341630021,1
2025-01-13 03:00:00+00:00,GBP_USD,1,-3.228059736260607,3.228059736260607,0.00019999999999997797,0.002446352614029012,0.22416134567718776,0.002159047063942228,-0.12056963529672346,0.06343507692654769,macro,1.2155,1.2149,1.2175277739885433,1
2025-01-13 03:30:00+00:00,GBP_USD,1,-2.9403329711617427,2.9403329711617427,0.000180000000000069,0.0024463526140290105,0.22416134567718776,0.0009049773755657363,-0.13790061884538113,0.06344112387910532,macro,1.2144,1.2138599999999997,1.2162122643822566,1
2025-01-13 04:00:00+00:00,GBP_USD,1,-2.458057660905989,2.458057660905989,0.00019999999999997797,0.0024463526140290105,0.22416134567718776,0.00012351778656118401,-0.1335341662635443,0.06344895702392496,macro,1.21425,1.2136500000000001,1.2157039326780752,1
2025-01-13 04:30:00+00:00,GBP_USD,1,-1.7901917752731689,1.7901917752731689,0.00018999999999991246,0.0024463526140290105,0.22416134567718776,0.0002841260037059928,-0.1293293153374146,0.06345592732840682,macro,1.213905,1.2133350000000003,1.2148627445251834,1
2025-01-14 00:30:00+00:00,USD_CAD,1,-1.8907093944662996,1.8907093944662996,0.00019999999999997797,0.008480893849591817,0.29799920258118556,0.00030259922298082203,0.07207781224783592,0.06336152978600212,transitional,1.43798,1.43738,1.4390294534988777,4
2025-01-24 06:30:00+00:00,NZD_USD,-1,1.7427838613833835,1.7427838613833835,0.00014999999999998348,0.02108633802266255,0.21832339952467614,0.00011375170627566336,-0.05697427740608091,0.0591870307249599,macro,0.5713550000000001,0.571805,0.5710618091937857,3
2025-02-20 01:30:00+00:00,AUD_USD,1,-1.8948001186358656,1.8948001186358656,0.000140000000000029,0.032969025792278256,0.1975174639690112,0.00198550267885297,-0.0906924281022153,0.057750045099357425,macro,0.63334,0.6329199999999999,0.6337198564943265,2
2025-02-21 02:30:00+00:00,GBP_USD,-1,2.012728153503491,2.012728153503491,0.00017000000000000348,0.032969025792278256,0.2697732961304571,0.0008331622257673653,-0.06864744821962791,0.05786622387317635,macro,1.267315,1.267825,1.2663691729022575,1
2025-02-24 01:30:00+00:00,AUD_USD,1,-2.3508415353733008,2.3508415353733008,0.00013999999999991797,0.032969025792278256,0.18681079928493483,0.0007619735901525879,-0.06661570078115009,0.05809253375552125,macro,0.63699,0.6365700000000002,0.637489513906278,2
2025-02-24 02:00:00+00:00,EUR_USD,-1,2.4360323095768996,2.4360323095768996,0.00014999999999987246,0.02344427768660537,0.22549178767790823,0.00012359705458698646,-0.09442204700713604,0.05810033619633958,macro,1.0519349999999998,1.0523849999999995,1.0510132818423923,0
2025-02-24 02:00:00+00:00,USD_JPY,1,-1.6774379195668954,1.6774379195668954,0.01300000000000523,0.028977582690912503,0.2402044735476453,0.0007504665288581882,-0.09442204700713604,0.05810033619633958,macro,149.35250000000002,149.27062828566477,149.53697350967062,6
2025-02-24 02:30:00+00:00,USD_JPY,1,-1.908721964309314,1.908721964309314,0.013999999999981583,0.028977582690912503,0.2402044735476453,0.0008269027970744837,-0.11435907062716662,0.05809550843734933,macro,149.22899999999998,149.18340213992923,149.44952712232435,6
2025-02-24 03:00:00+00:00,NZD_USD,-1,2.014680508340406,2.014680508340406,0.000160000000000049,0.045285978261447174,0.17234710528637495,0.0002948522270016152,-0.11711965192260092,0.058102882433069034,macro,0.57639,0.5768700000000001,0.576020252104415,3
2025-02-24 03:00:00+00:00,USD_JPY,1,-1.746254346267309,1.746254346267309,0.020000000000010232,0.028977582690912503,0.2402044735476453,0.0005896977129113449,-0.11711965192260092,0.058102882433069034,macro,149.317,149.24592690475805,149.51220882044663,6
2025-02-28 01:30:00+00:00,EUR_USD,1,-1.7848171133114772,1.7848171133114772,0.00016000000000016001,0.002446352614029012,0.26908848004848673,0.0012454378026438668,-0.12842782063333502,0.05874684385413377,macro,1.0385,1.0380199999999995,1.0390861254133932,0
2025-02-28 06:30:00+00:00,USD_CHF,1,-1.6137388568595448,1.6137388568595448,0.00012999999999996348,0.017583688328426564,0.2719121522591506,5.55682127594571e-05,-0.12318324748005213,0.0588262964141653,macro,0.899745,0.8993550000000001,0.900275248464075,5
2025-02-28 07:00:00+00:00,USD_CHF,1,-2.7874970222169173,2.7874970222169173,0.000160000000000049,0.017583688328426564,0.2719121522591506,0.0010836403647700751,-0.11985394499536157,0.058836126980072,macro,0.90072,0.9002399999999998,0.9018102521428644,5
2025-03-04 08:00:00+00:00,EUR_USD,-1,1.6499548119070406,1.6499548119070406,0.00017000000000000348,0.026443212728368873,0.20608373815688205,0.0023110645192030545,0.20124572762856166,0.05915426364121341,transitional,1.0517249999999998,1.0522349999999998,1.0510564812289387,0
2025-03-04 08:30:00+00:00,EUR_USD,-1,1.7208974441218619,1.7208974441218619,0.0001500000000000945,0.026443212728368873,0.20608373815688205,0.0001521310228436253,0.20422732091639162,0.05916175653750045,transitional,1.051885,1.0523350000000002,1.0511751312132112,0
2025-03-06 10:30:00+00:00,USD_CHF,-1,1.5470037996960164,1.5470037996960164,0.000160000000000049,0.017583688328426564,0.2794388256633093,0.0013907266124264823,-0.10915766733974908,0.059049010918148355,macro,0.88679,0.8872700000000001,0.8861616889747577,5
2025-03-10 11:30:00+00:00,USD_CAD,1,-1.9679737013895362,1.9679737013895362,0.000180000000000069,0.04968219563985246,0.29109455323600497,0.0011405997885718462,-0.10492217843678113,0.059475658997718436,macro,1.43948,1.4389399999999999,1.4410667190949102,4
2025-04-02 03:00:00+00:00,AUD_USD,-1,2.2365216387503297,2.2365216387503297,0.00012000000000000899,0.041142414674668365,0.27042611407773165,0.0006591224935477933,-0.11693206414870773,0.06248935740473922,macro,0.6300399999999999,0.6304,0.6295556651114466,2
2025-04-04 06:00:00+00:00,AUD_USD,-1,2.5144760410801745,2.5144760410801745,0.00012999999999996348,0.02455552490244263,0.18176227212984056,0.0012562210949127138,-0.11988345562254603,0.0606412923508819,macro,0.624105,0.6244949999999999,0.6234477221776278,2
2025-04-08 07:00:00+00:00,NZD_USD,-1,1.7358408544299269,1.7358408544299269,0.000160000000000049,0.011480456604792355,0.2054301932611077,0.0006595130298386515,0.23787909406281496,0.05716954801696645,transitional,0.5613900000000001,0.5618700000000002,0.5608641887737078,3
2025-04-08 07:30:00+00:00,EUR_USD,1,-1.6590009585580467,1.6590009585580467,0.0001500000000000945,0.03337698811817652,0.2998521430312792,0.003207467970945855,0.17815562848772518,0.0570791096675214,transitional,1.092365,1.0917886876728204,1.0935996538320099,0
2025-04-10 10:00:00+00:00,USD_CAD,-1,1.5093660969297118,1.5093660969297118,0.000220000000000109,0.028977582690912503,0.2683064313474168,0.0005222043417561011,0.37010504206880246,0.054405550038798274,transitional,1.40676,1.4075269646685753,1.40563907597562,4
2025-05-13 07:00:00+00:00,USD_CAD,1,-1.5880258156701146,1.5880258156701146,0.00017999999999984695,0.03337698811817652,0.32184476328233247,0.0007842126183033111,-0.05876361657843498,0.051815875802230855,macro,1.3974,1.3968600000000004,1.398292208863429,4
2025-05-13 07:30:00+00:00,USD_CAD,1,-3.3494461114129757,3.3494461114129757,0.00015999999999993797,0.03337698811817652,0.32184476328233247,0.0009088306855589219,-0.04309454700683074,0.05182108444715877,macro,1.39867,1.3981900000000003,1.4010087419315316,4
2025-05-13 07:30:00+00:00,USD_CHF,-1,1.8092585168857884,1.8092585168857884,0.00017000000000000348,0.041142414674668365,0.31406911551405875,0.001816702980936422,-0.04309454700683074,0.05182108444715877,macro,0.840655,0.841165,0.8396410514388645,5
2025-05-13 08:00:00+00:00,USD_CAD,1,-2.494946068264829,2.494946068264829,0.00021000000000004349,0.03337698811817652,0.32184476328233247,0.00022521395325548354,-0.05196914318032625,0.05182872387129399,macro,1.398985,1.3983549999999998,1.4006227620811784,4
2025-05-13 08:00:00+00:00,USD_CHF,-1,1.806966529911665,1.806966529911665,0.00014999999999998348,0.041142414674668365,0.31406911551405875,0.0004877149365675482,-0.05196914318032625,0.05182872387129399,macro,0.8402449999999999,0.8406949999999999,0.8392333201086077,5
2025-06-11 03:00:00+00:00,NZD_USD,1,-1.655218197602197,1.655218197602197,0.00011999999999989797,0.03631419400959121,0.2662779012995947,0.0003233857660511398,-0.11848744797420432,0.054296151849316084,macro,0.6028,0.6024400000000003,0.6032070023443142,3
2025-06-13 05:00:00+00:00,USD_CHF,1,-2.523230216918214,2.523230216918214,0.00017000000000000348,0.0036745514889961854,0.26957496948619847,0.00226024986259413,-0.0339646093820512,0.05437269057696902,transitional,0.811475,0.8109649999999999,0.8125532314584835,5
2025-06-13 06:00:00+00:00,USD_CHF,1,-1.8086225940056568,1.8086225940056568,0.00014999999999998348,0.0036745514889961854,0.26957496948619847,0.00087652697789545,-0.031064388293441318,0.054378657299491547,transitional,0.8107249999999999,0.810275,0.8114217540972036,5
2025-06-17 07:00:00+00:00,GBP_USD,1,-1.5624682954670601,1.5624682954670601,0.00017999999999984695,0.03631419400959121,0.23412158239678088,0.00012165853766434364,-0.10663023304299195,0.05470271705326813,macro,1.35609,1.3555500000000005,1.3566762222229793,1
2025-06-19 09:00:00+00:00,USD_CHF,-1,3.24039321009057,3.24039321009057,0.000140000000000029,0.041142414674668365,0.27336656389241887,0.0006556091344121243,-0.10960591786681534,0.054761107122421666,macro,0.81657,0.8169900000000001,0.8151433546634853,5
2025-06-23 11:00:00+00:00,AUD_USD,1,-1.5050339519627018,1.5050339519627018,0.00012000000000000899,0.026443212728368873,0.25538457222004396,0.00018026349820895516,-0.08501303295913154,0.05484535717950557,macro,0.6380699999999999,0.6377099999999999,0.6384096062171425,2
2025-06-23 11:00:00+00:00,NZD_USD,1,-1.5795462426911098,1.5795462426911098,0.00015999999999993797,0.028977582690912503,0.2321608963967811,0.00014434792945635337,-0.08501303295913154,0.05484535717950557,macro,0.58894,0.5884600000000002,0.5892626246796059,3
2025-07-08 00:00:00+00:00,USD_JPY,1,-1.931715241609457,1.931715241609457,0.01500000000001478,0.0024505878160430874,0.2467873906456838,0.000719777074757514,-0.03629767705469079,0.05538570859175394,transitional,145.9835,145.93849999999995,146.11868725779203,6
2025-07-08 00:30:00+00:00,USD_JPY,1,-2.7387782888230543,2.7387782888230543,0.015999999999991132,0.002446355869423967,0.2467873906456838,0.0011953405693112013,-0.04885381583398675,0.05539529057163022,transitional,146.15800000000002,146.11000000000004,146.3696454891478,6
2025-07-08 01:00:00+00:00,USD_JPY,1,-1.6136289406482198,1.6136289406482198,0.018000000000000682,0.002446352616531275,0.2467873906456838,0.00023262496750104248,-0.06344083491153168,0.055404281667531856,transitional,146.192,146.13655384005386,146.29730268740087,6
2025-07-08 01:30:00+00:00,USD_JPY,1,-2.565435543098276,2.565435543098276,0.019000000000005457,0.002446352614030934,0.2467873906456838,0.00038647805625497246,-0.054890191763978725,0.05541428023166045,transitional,146.2485,146.1915,146.443879235217,6
2025-07-08 02:00:00+00:00,USD_JPY,1,-1.6318396965732023,1.6318396965732023,0.018000000000000682,0.002446352614029012,0.2373924829837653,0.0009675312909192579,-0.03898301837536202,0.05539410520949734,transitional,146.10700000000003,146.05300000000003,146.21393325188552,6
2025-07-14 01:00:00+00:00,EUR_USD,-1,2.681089434885116,2.681089434885116,0.00015999999999993797,0.041142414674668365,0.2760334033196892,9.406935476953115e-05,-0.14826532547137428,0.05604941881160473,macro,1.16946,1.1699399999999998,1.1684013735955154,0
2025-07-14 01:00:00+00:00,USD_JPY,-1,2.00439057006296,2.00439057006296,0.016999999999995907,0.026443212728368873,0.23689476437703513,0.000187134662103132,-0.14826532547137428,0.05604941881160473,macro,146.9805,147.0315,146.83463329318448,6
2025-07-14 01:30:00+00:00,USD_JPY,-1,1.594976068339068,1.594976068339068,0.018000000000000682,0.026443212728368873,0.23689476437703513,0.0010375526005150268,-0.14069028958401614,0.05605718107552964,macro,147.13299999999998,147.19172438792583,147.02672023809015,6
2025-07-14 02:00:00+00:00,EUR_USD,-1,2.3576564700890827,2.3576564700890827,0.0001500000000000945,0.041142414674668365,0.2760334033196892,0.0002695856084077394,-0.13487200728385407,0.05606571676860371,macro,1.168145,1.1685950000000003,1.1672443707759095,0
2025-07-16 03:00:00+00:00,NZD_USD,1,-1.7278056674947584,1.7278056674947584,0.00017999999999995797,0.018673565052919686,0.28343172387679916,0.0005129196902301151,-0.06561790395612158,0.056450726212712396,macro,0.59494,0.5944000000000002,0.5952385161492579,3
2025-07-22 07:30:00+00:00,USD_CHF,-1,2.426879066607655,2.426879066607655,0.000140000000000029,0.0036745514889961854,0.3417551897748444,0.0005326849200031651,-0.1421309006435405,0.056305955656717026,macro,0.79742,0.7978400000000001,0.7966378970408323,5
2025-07-22 08:00:00+00:00,USD_CHF,-1,1.6389260152007434,1.6389260152007434,0.00014999999999998348,0.0036745514889961854,0.3417551897748444,6.89724361064038e-05,-0.13506020191021473,0.05631436522443523,macro,0.7973650000000001,0.797815,0.7969027520133523,5
2025-07-28 11:00:00+00:00,USD_CHF,1,-1.8442163859499738,1.8442163859499738,0.00017000000000000348,0.03631419400959121,0.3565165217450415,0.0002684010785978541,-0.10704677760294501,0.05718848691948321,macro,0.801255,0.800745,0.8018351639787649,5
2025-07-28 11:30:00+00:00,USD_CHF,1,-1.7904757335656734,1.7904757335656734,0.00017000000000000348,0.03631419400959121,0.3565165217450415,0.00016224547740742668,-0.10887943513399517,0.05718461283598957,macro,0.801125,0.800615,0.8016818791399527,5
2025-08-18 01:00:00+00:00,USD_JPY,1,-1.5123965862527806,1.5123965862527806,0.012999999999976808,0.045285978261447174,0.17599546450981343,0.0007834279551516865,-0.09019627622558542,0.05658818430941058,macro,147.5445,147.48309204856506,147.63491432773395,6
2025-08-20 02:00:00+00:00,EUR_USD,-1,3.138971823650761,3.138971823650761,0.00015999999999993797,0.0,0.2216317908609755,5.160224985801673e-05,-0.08192448256785416,0.057096638963243226,idiosyncratic,1.16268,1.1631599999999997,1.161444891192818,0
2025-08-20 02:30:00+00:00,EUR_USD,-1,2.61353559570646,2.61353559570646,0.00014999999999987246,0.0,0.2216317908609755,3.0102865792867762e-05,0.10405501110635493,0.05710615647168325,idiosyncratic,1.162645,1.1630949999999995,1.1616558390611689,0
2025-08-20 03:00:00+00:00,NZD_USD,1,-6.830199298969445,6.830199298969445,0.00014999999999998348,0.023792411384337984,0.21384570140588208,0.00032577478674629905,0.18460514906663464,0.0571120008800624,transitional,0.583415,0.5829650000000001,0.5853907518057938,3
2025-08-20 03:30:00+00:00,NZD_USD,1,-7.694721274687271,7.694721274687271,0.00017000000000000348,0.023792411384337984,0.21384570140588208,0.0011141297361227569,0.23216798129828786,0.05711849473505826,transitional,0.582765,0.582255,0.5850080804377811,3
2025-08-26 07:00:00+00:00,EUR_USD,1,-2.2075767207592922,2.2075767207592922,0.00014999999999987246,0.007491359057415131,0.2861515365302946,0.00031835487964871766,-0.104911610470053,0.05675835994901541,macro,1.161855,1.1614050000000005,1.1626437628634592,0
2025-08-26 07:30:00+00:00,EUR_USD,1,-2.4928092206806562,2.4928092206806562,0.00017000000000000348,0.007491359057415131,0.2861515365302946,0.00027542163178707473,-0.11589582046468332,0.05676753213949785,macro,1.162175,1.161665,1.1630957708272693,0
2025-08-26 08:00:00+00:00,EUR_USD,1,-1.671402150006151,1.671402150006151,0.000140000000000029,0.007491359057415131,0.2861515365302946,0.00037429819089208487,-0.11545819560316671,0.056776892326152344,macro,1.16174,1.16132,1.1622810398547718,0
2025-09-18 00:00:00+00:00,GBP_USD,-1,1.7406657944298076,1.7406657944298076,0.00018999999999991246,0.032969026631145114,0.24778346216005684,0.00022377766038618796,-0.052042632592346504,0.05947227093847257,transitional,1.362655,1.3632249999999997,1.362009550033616,1
2025-09-18 00:00:00+00:00,NZD_USD,1,-7.950096419480135,7.950096419480135,0.00012999999999996348,0.019794128242395084,0.2593863350378407,0.001938000825756978,-0.052042632592346504,0.05947227093847257,transitional,0.592245,0.5918550000000001,0.5939048739988073,3
2025-09-18 00:00:00+00:00,USD_CHF,-1,1.8264446218324164,1.8264446218324164,0.00012999999999996348,0.033568968502946384,0.2600429445789023,0.00035513840885295877,-0.052042632592346504,0.05947227093847257,transitional,0.788705,0.7890949999999999,0.788268784207534,5
2025-09-22 01:30:00+00:00,USD_CAD,1,-2.526542908030709,2.526542908030709,0.00017000000000000348,0.03631419400959121,0.2892752049451632,0.00013773855048283145,-0.09757851720799517,0.05970719712242823,macro,1.3796149999999998,1.3791049999999998,1.3806842283023533,4
2025-09-22 02:00:00+00:00,USD_CAD,1,-1.7264535764240996,1.7264535764240996,0.00019999999999997797,0.03631419400959121,0.2892752049451632,9.785338663338014e-05,-0.09670450191595657,0.05971680011699382,macro,1.37975,1.37915,1.3803971549115222,4
2025-09-24 03:00:00+00:00,AUD_USD,-1,3.2947854198048963,3.2947854198048963,0.00012999999999996348,0.026443212728368873,0.2349913532079011,0.0007626094835397567,-0.052032567367290616,0.06037459655429879,macro,0.661695,0.6620849999999999,0.6609448423696356,2
2025-09-30 07:00:00+00:00,AUD_USD,1,-1.5494310211244087,1.5494310211244087,0.00012999999999996348,0.045285978261447174,0.22683526296667322,0.0009396003667473073,-0.11199695388030252,0.06133716546995277,macro,0.660475,0.6600850000000001,0.6607551647210287,2
2025-09-30 07:00:00+00:00,NZD_USD,-1,1.6184924952719852,1.6184924952719852,0.00012999999999996348,0.026443212728368873,0.19214378355357245,0.0008022220688704475,-0.11199695388030252,0.06133716546995277,macro,0.580105,0.5804949999999999,0.5798289260168026,3
2025-09-30 07:30:00+00:00,NZD_USD,-1,1.7822005374454901,1.7822005374454901,0.00012999999999996348,0.026443212728368873,0.19214378355357245,0.0002068591030934453,-0.10276915313735613,0.06134441328661783,macro,0.579985,0.5803749999999999,0.5796685839429553,3
2025-09-30 08:00:00+00:00,USD_JPY,-1,1.5308493462937314,1.5308493462937314,0.015999999999991132,0.03631419400959121,0.22712233981312102,0.0008105315060353313,-0.09854907199430545,0.0613500411378365,macro,147.93099999999998,147.97899999999996,147.8592217154978,6
2025-10-06 11:30:00+00:00,GBP_USD,1,-1.5608924195832243,1.5608924195832243,0.00018999999999991246,0.03631419400959121,0.27058729432415735,0.00022341459418619483,0.2620822364805108,0.061918296962275854,transitional,1.342495,1.3419250000000003,1.3430678432540664,1
2025-11-04 09:00:00+00:00,USD_CAD,-1,1.876037134937453,1.876037134937453,0.000180000000000069,0.026443212728368873,0.26173078282461343,7.109240590892707e-06,-0.08315682567689328,0.06552775743810187,macro,1.4066299999999998,1.40717,1.405987184153137,4
2025-12-09 08:00:00+00:00,USD_JPY,1,-1.509357159294171,1.509357159294171,0.015999999999991132,0.03631419400959121,0.30070878678903024,0.001104392280138092,-0.061850172563139454,0.07037060649898329,macro,156.36700000000002,156.29591204473252,156.47089326053901,6
2025-12-09 08:30:00+00:00,USD_JPY,1,-1.721053135249545,1.721053135249545,0.015999999999991132,0.03631419400959121,0.30070878678903024,0.00020464676050619275,-0.0739891044211532,0.07038004156104592,macro,156.33499999999998,156.28571202709992,156.46065743356743,6
2026-01-07 03:00:00+00:00,AUD_USD,-1,1.6807652892403842,1.6807652892403842,0.00012999999999996348,0.026443212728368873,0.2780555998190423,0.0010818260631165432,-0.09481585312326321,0.0737221496918719,macro,0.675515,0.6759049999999999,0.6751681802137155,2
2026-01-15 09:00:00+00:00,USD_CAD,1,-1.5069878435871802,1.5069878435871802,0.000180000000000069,0.02455552490244263,0.3069991781189264,8.629244509662112e-05,-0.11546987937440432,0.07475593457385889,macro,1.39074,1.3901999999999999,1.3912182723344078,4
2026-02-06 01:30:00+00:00,USD_CAD,1,-1.5032779743002374,1.5032779743002374,0.000180000000000069,0.008480893849591817,0.23654397306764716,0.000488655177192217,-0.09515522433567908,0.06856178838805853,macro,1.3704399999999999,1.3698999999999997,1.3710143157007944,4
2026-02-11 02:00:00+00:00,AUD_USD,-1,1.5771928588135207,1.5771928588135207,0.000140000000000029,0.01625949063590852,0.2442660623367126,0.0024101140223534395,-0.002573961570364871,0.0687324653321607,transitional,0.71122,0.71164,0.7106482309261817,2
2026-02-11 02:30:00+00:00,AUD_USD,-1,1.6123064836513934,1.6123064836513934,0.00012999999999996348,0.01625949063590852,0.2442660623367126,0.0008928320350947937,-0.03326652899661888,0.0687303586056886,transitional,0.711855,0.7122449999999999,0.7112640656392173,2
2026-02-11 03:00:00+00:00,AUD_USD,-1,1.8931759936550911,1.8931759936550911,0.0001300000000000745,0.01625949063590852,0.2442660623367126,0.0005338165778142286,-0.07190951683294236,0.06873949587632266,macro,0.712235,0.7126250000000002,0.7114944531673417,2
2026-02-23 10:00:00+00:00,NZD_USD,-1,1.5326948055137302,1.5326948055137302,0.000160000000000049,0.045285978261447174,0.2478071299456078,0.000576918253191802,-0.13836318657671745,0.06860311623156251,macro,0.5976600000000001,0.5981400000000002,0.5973807799589745,3
2026-03-20 03:00:00+00:00,NZD_USD,-1,1.6556716920677255,1.6556716920677255,0.00017000000000000348,0.041142414674668365,0.1963263168213382,0.0003906747632595656,-0.14884828451873308,0.06239172456025717,macro,0.588495,0.589005,0.5881831171998598,3
2026-03-20 03:30:00+00:00,NZD_USD,-1,1.905959468730727,1.905959468730727,0.000160000000000049,0.041142414674668365,0.1963263168213382,0.0003823312007747629,-0.14428044230400894,0.06239600957734264,macro,0.5882700000000001,0.5887500000000002,0.5878907167408858,3
2026-03-26 07:00:00+00:00,NZD_USD,1,-1.7892755911926972,1.7892755911926972,0.00014999999999998348,0.0036745514889961854,0.2181546444395298,0.0013968768592687783,-0.05090735593605733,0.05912080383542483,macro,0.5790550000000001,0.5786050000000001,0.5793908659621848,3
2026-03-26 07:30:00+00:00,NZD_USD,1,-2.207207488966965,2.207207488966965,0.000140000000000029,0.0036745514889961854,0.2181546444395298,0.0011311533446738049,-0.07806702370370257,0.05912487179365201,macro,0.5784,0.5779799999999999,0.578844237286863,3
2026-03-26 08:00:00+00:00,NZD_USD,1,-1.603291139517919,1.603291139517919,0.00015999999999993797,0.0036745514889961854,0.2181546444395298,0.00015560165975122235,-0.0866108964055333,0.05913356540897187,macro,0.57831,0.5778300000000002,0.5785970458345833,3
