time,balance
2024-06-14 04:30:00+00:00,505243.76213682117
2024-06-26 07:00:00+00:00,509475.82381673914
2024-06-28 09:00:00+00:00,514322.2817163417
2024-07-01 03:30:00+00:00,512764.7016163412
2024-07-02 02:30:00+00:00,509856.65761634154
2024-07-12 04:30:00+00:00,509350.68291633914
2024-07-12 04:30:00+00:00,517932.65631634014
2024-07-17 03:30:00+00:00,522178.58625113673
2024-07-17 01:30:00+00:00,516254.030251136
2024-07-18 05:00:00+00:00,514254.7082511353
2024-07-18 03:00:00+00:00,507831.89185113035
2024-07-25 04:30:00+00:00,509388.0102511303
2024-07-31 06:00:00+00:00,513200.21734254493
2024-07-31 07:30:00+00:00,508097.3703425465
2024-08-02 08:00:00+00:00,512453.2833648633
2024-08-06 10:30:00+00:00,508204.5633648624
2024-08-29 03:00:00+00:00,506426.1057648633
2024-09-06 11:00:00+00:00,513330.4007648636
2024-09-11 04:30:00+00:00,509254.6517648609
2024-09-11 10:30:00+00:00,510069.10136486316
2024-09-19 03:00:00+00:00,512062.6981847221
2024-10-11 10:30:00+00:00,516482.00675980246
2024-10-23 02:30:00+00:00,512591.64755980164
2024-10-23 06:00:00+00:00,516589.53820222727
2024-10-23 10:30:00+00:00,512986.7842022248
2024-10-29 03:00:00+00:00,506465.7034022265
2024-11-01 01:00:00+00:00,509399.78641344875
2024-11-04 02:00:00+00:00,506373.4152134499
2024-11-06 01:00:00+00:00,508446.88037253683
2024-11-06 02:00:00+00:00,512946.98291851906
2024-11-06 03:00:00+00:00,514064.12098759087
2024-11-06 05:00:00+00:00,517575.0790889861
2024-11-06 08:30:00+00:00,516244.7260889865
2024-11-06 10:30:00+00:00,531104.6110036009
2024-11-07 02:00:00+00:00,528351.6670036016
2024-11-07 03:00:00+00:00,531007.8020294223
2024-11-07 05:30:00+00:00,527773.9028294216
2024-11-07 03:30:00+00:00,523921.90282941854
2024-11-07 06:00:00+00:00,530316.6753620785
2024-11-19 11:30:00+00:00,527331.8109620779
2024-11-19 11:00:00+00:00,524424.4509620784
2024-11-19 13:30:00+00:00,528719.5745814068
2024-11-19 12:00:00+00:00,539993.8915492375
2024-11-28 03:30:00+00:00,545031.2648041704
2024-11-29 03:30:00+00:00,551262.0026043843
2024-11-29 06:30:00+00:00,548580.3446043847
2024-11-29 08:30:00+00:00,551624.5925044973
2024-12-10 04:30:00+00:00,548878.5695044966
2024-12-11 08:30:00+00:00,552104.5265011934
2024-12-12 03:00:00+00:00,545552.1653011983
2024-12-12 12:00:00+00:00,542476.3961011975
2024-12-20 09:00:00+00:00,545507.5129483739
2025-01-13 02:30:00+00:00,541939.9129483711
2025-01-13 03:00:00+00:00,547425.4661825596
2025-01-13 03:30:00+00:00,544047.5609825592
2025-01-13 05:00:00+00:00,541099.2257825586
2025-01-14 04:00:00+00:00,537274.1517825585
2025-01-24 07:30:00+00:00,542404.9732998625
2025-02-20 02:30:00+00:00,544217.6105051383
2025-02-21 05:00:00+00:00,549591.8757406785
2025-02-24 02:30:00+00:00,555767.3961348285
2025-02-24 05:30:00+00:00,558524.0201348264
2025-02-24 03:30:00+00:00,554142.2459836048
2025-02-24 04:00:00+00:00,560556.240543444
2025-02-28 05:00:00+00:00,562272.7889434452
2025-02-28 07:30:00+00:00,568166.5324365464
2025-03-04 10:00:00+00:00,569816.650689532
2025-03-06 11:30:00+00:00,572873.1450691468
2025-03-10 12:30:00+00:00,578671.936939024
2025-04-02 05:30:00+00:00,585669.0843271625
2025-04-04 07:00:00+00:00,590698.6530972936
2025-04-08 08:00:00+00:00,599218.4775591531
2025-04-08 08:30:00+00:00,601332.9210187768
2025-04-10 11:30:00+00:00,595881.36683313
2025-05-13 08:00:00+00:00,600766.656464836
2025-05-13 09:30:00+00:00,598763.2234648359
2025-05-13 09:30:00+00:00,594259.6306648352
2025-06-11 04:00:00+00:00,601012.1658591181
2025-06-13 06:00:00+00:00,599343.6396591185
2025-06-13 07:30:00+00:00,605227.0869962347
2025-06-17 08:30:00+00:00,601244.7921962382
2025-06-19 10:00:00+00:00,596538.0033962368
2025-06-23 12:00:00+00:00,601860.8961539881
2025-06-23 12:00:00+00:00,607339.6955580681
2025-07-08 01:00:00+00:00,615058.8879779924
2025-07-08 02:00:00+00:00,611266.3706376776
2025-07-08 04:00:00+00:00,608974.6106376776
2025-07-14 02:00:00+00:00,618026.2475015272
2025-07-14 02:00:00+00:00,614557.2275015281
2025-07-14 05:30:00+00:00,622266.631672327
2025-07-16 06:30:00+00:00,625040.4400723255
2025-07-22 11:00:00+00:00,627548.3080723255
2025-07-28 13:00:00+00:00,634789.7640126332
2025-08-18 02:30:00+00:00,631602.69133316
2025-08-20 03:00:00+00:00,627474.5857331625
2025-08-20 04:30:00+00:00,619760.3887331639
2025-08-26 09:00:00+00:00,626549.6493051297
2025-09-18 01:00:00+00:00,631286.0257034516
2025-09-18 03:30:00+00:00,633063.5729034515
2025-09-18 01:00:00+00:00,628119.1685034527
2025-09-22 05:00:00+00:00,628626.587303452
2025-09-24 05:30:00+00:00,623989.8461034535
2025-09-30 08:00:00+00:00,626698.8372372015
2025-09-30 09:00:00+00:00,630257.822905672
2025-09-30 10:30:00+00:00,627856.8629056728
2025-10-06 12:30:00+00:00,632124.1670719197
2025-11-04 10:00:00+00:00,628285.4582719193
2025-12-09 09:00:00+00:00,625815.8627059255
2026-01-07 04:00:00+00:00,622614.1577059263
2026-01-15 11:00:00+00:00,618731.0825059258
2026-02-06 04:30:00+00:00,614790.4865059247
2026-02-11 03:00:00+00:00,613320.4949059247
2026-02-11 04:30:00+00:00,623717.0467005495
2026-02-23 11:00:00+00:00,628388.3086364943
2026-03-20 04:00:00+00:00,633687.2098861879
2026-03-26 08:00:00+00:00,630348.7858861889
2026-03-26 09:00:00+00:00,635312.9967358889
