entry_time,fill_time,exit_time,pair,direction,entry_price,fill_price,exit_price,units,notional,margin,leverage,har_rv,z_score,spread,pnl,exit_reason,balance
2024-06-14 02:30:00+00:00,2024-06-14 03:00:00+00:00,2024-06-14 04:30:00+00:00,USD_CHF,1,0.893745,0.89366,0.8942136148012516,11189920,9999983.907200001,200000.0,49.999919536,0.0001510726155704,-1.5154718313489368,0.00017,5243.762136821292,tp,505243.7621368213
2024-06-26 06:00:00+00:00,2024-06-26 06:30:00+00:00,2024-06-26 07:00:00+00:00,AUD_USD,-1,0.66862,0.6686799999999999,0.6683370101893624,-14954820,9999989.037599998,200000.0,49.999945188,0.0003665606882364,1.5197600905620088,0.00012,4232.06167991809,tp,509475.8238167394
2024-06-28 07:00:00+00:00,2024-06-28 07:30:00+00:00,2024-06-28 09:00:00+00:00,USD_CAD,-1,1.37135,1.3714400000000002,1.3706853368397058,-7291600,9999991.904000003,200000.0,49.99995952000001,5.468764241556993e-05,2.0737187180823757,0.00018,4846.457899602233,tp,514322.2817163416
2024-07-01 00:00:00+00:00,2024-07-01 00:30:00+00:00,2024-07-01 03:30:00+00:00,NZD_USD,-1,0.6098399999999999,0.60992,0.609935,-16395580,9999992.1536,200000.0,49.999960768,3.279441183253413e-05,1.6194018663236265,0.00016,-1557.5801000001923,time,512764.7016163414
2024-07-02 00:30:00+00:00,2024-07-02 01:00:00+00:00,2024-07-02 02:30:00+00:00,NZD_USD,1,0.6056349999999999,0.6055599999999999,0.605185,6462320,3913322.499199999,200000.0,19.56661249599999,0.0015332239743475,-1.9465450135402176,0.0001499999999999,-2908.0439999993214,sl,509856.6576163421
2024-07-12 01:00:00+00:00,2024-07-12 01:30:00+00:00,2024-07-12 04:30:00+00:00,EUR_USD,-1,1.086925,1.0870099999999998,1.08698,-9199540,9999991.975399999,200000.0,49.999959876999995,5.059890706372439e-05,4.9597007182767525,0.00017,-505.97470000229345,time,509350.68291633984
2024-07-12 01:00:00+00:00,2024-07-12 01:30:00+00:00,2024-07-12 04:30:00+00:00,USD_CAD,-1,1.36322,1.36332,1.36205,-7335020,9999979.466400001,200000.0,49.999897332,1.1003480767886411e-05,5.2105656885327125,0.0001999999999999,8581.973400000847,time,517932.65631634067
2024-07-17 00:00:00+00:00,2024-07-17 00:30:00+00:00,2024-07-17 03:30:00+00:00,GBP_USD,1,1.296965,1.2968800000000005,1.2975156471358094,7710800,9999982.304000001,200000.0,49.99991152000001,0.0005933414757247,-1.607347431649068,0.00017,4245.929934796819,tp,522178.5862511375
2024-07-17 00:30:00+00:00,2024-07-17 01:00:00+00:00,2024-07-17 01:30:00+00:00,NZD_USD,-1,0.60758,0.60764,0.60794,-16457100,9999992.243999999,200000.0,49.99996122,0.000576387859625,1.8741922849499475,0.00012,-5924.5560000013575,sl,516254.0302511361
2024-07-18 01:30:00+00:00,2024-07-18 02:00:00+00:00,2024-07-18 05:00:00+00:00,GBP_USD,-1,1.300355,1.30044,1.300615,-7689700,9999993.468,200000.0,49.999967340000005,8.45851291652216e-05,2.5381628263536267,0.00017,-1999.322000000292,time,514254.70825113583
2024-07-18 02:00:00+00:00,2024-07-18 02:30:00+00:00,2024-07-18 03:00:00+00:00,NZD_USD,-1,0.607145,0.60721,0.6075350000000003,-16468760,9999995.7596,200000.0,49.999978798,8.235332872382846e-06,2.213794340843655,0.00013,-6422.8164000045945,sl,507831.8918511312
2024-07-25 01:00:00+00:00,2024-07-25 01:30:00+00:00,2024-07-25 04:30:00+00:00,USD_CAD,1,1.38173,1.38164,1.381945,7237760,9999978.7264,200000.0,49.999893632,0.0002533698185873,-2.122912596971735,0.00018,1556.1183999997481,time,509388.01025113097
2024-07-31 05:00:00+00:00,2024-07-31 05:30:00+00:00,2024-07-31 06:00:00+00:00,AUD_USD,1,0.648395,0.6483300000000001,0.6490419943368015,5892180,3820077.0594,200000.0,19.100385297,0.0015706443491449,-1.7247644002410976,0.00013,3812.207091414661,tp,513200.2173425456
2024-07-31 05:30:00+00:00,2024-07-31 06:00:00+00:00,2024-07-31 07:30:00+00:00,USD_CHF,1,0.8819349999999999,0.8818599999999999,0.881485,11339660,9999992.567599997,200000.0,49.999962837999995,0.0004197081326957,-1.6205282988758012,0.0001499999999999,-5102.846999998808,sl,508097.37034254684
2024-08-02 07:00:00+00:00,2024-08-02 07:30:00+00:00,2024-08-02 08:00:00+00:00,GBP_USD,1,1.2712949999999998,1.27121,1.2722413780161117,4602720,5851023.691199999,200000.0,29.255118456,0.0010254596888262,-1.7006079080625602,0.00017,4355.913022316845,tp,512453.28336486366
2024-08-06 09:30:00+00:00,2024-08-06 10:00:00+00:00,2024-08-06 10:30:00+00:00,GBP_USD,1,1.27106,1.2709699999999995,1.2705199999999996,7868000,9999991.959999997,200000.0,49.999959799999985,0.0004207314435808,-1.945378611279672,0.00018,-4248.720000000755,sl,508204.56336486293
2024-08-29 01:00:00+00:00,2024-08-29 01:30:00+00:00,2024-08-29 03:00:00+00:00,NZD_USD,-1,0.62768,0.62776,0.6281599999999998,-3705120,2325926.1311999997,200000.0,11.629630656,0.0025796043541804,1.9091217200203967,0.0001599999999999,-1778.4575999993103,sl,506426.1057648636
2024-09-06 07:30:00+00:00,2024-09-06 08:00:00+00:00,2024-09-06 11:00:00+00:00,NZD_USD,-1,0.622715,0.6228,0.622285,-16056500,9999988.2,200000.0,49.999941,0.0001927416699459,1.9318293944168987,0.00017,6904.295000000666,time,513330.4007648643
2024-09-11 02:00:00+00:00,2024-09-11 02:30:00+00:00,2024-09-11 04:30:00+00:00,EUR_USD,-1,1.104015,1.10409,1.1044650000000005,-9057220,9999986.0298,200000.0,49.999930149,0.0003035300086982,1.5240749928875632,0.00015,-4075.7490000025678,sl,509254.6517648617
2024-09-11 07:00:00+00:00,2024-09-11 07:30:00+00:00,2024-09-11 10:30:00+00:00,EUR_USD,-1,1.1049600000000002,1.1050400000000002,1.10487,-9049440,9999993.177600002,200000.0,49.99996588800001,0.0003938344537246,2.744868507707499,0.0001599999999999,814.4496000023214,time,510069.10136486404
2024-09-19 02:00:00+00:00,2024-09-19 02:30:00+00:00,2024-09-19 03:00:00+00:00,EUR_USD,1,1.10997,1.10989,1.110515685589744,3653380,4054849.9282,200000.0,20.274249641,0.0014797036983571,-1.6684314760533108,0.0001599999999999,1993.596819858912,tp,512062.6981847229
2024-10-11 07:30:00+00:00,2024-10-11 08:00:00+00:00,2024-10-11 10:30:00+00:00,GBP_USD,-1,1.307505,1.3075899999999998,1.3062400707626596,-3493720,4568353.334799999,200000.0,22.841766673999995,0.0013133811715513,2.042329404028849,0.00017,4419.308575080304,tp,516482.0067598032
2024-10-23 00:30:00+00:00,2024-10-23 01:00:00+00:00,2024-10-23 02:30:00+00:00,EUR_USD,-1,1.07952,1.07959,1.07994,-9262760,9999983.068400003,200000.0,49.999915342,0.0001944930677114,1.7310414313402462,0.00014,-3890.359200000805,sl,512591.64755980246
2024-10-23 03:30:00+00:00,2024-10-23 04:00:00+00:00,2024-10-23 06:00:00+00:00,EUR_USD,-1,1.080235,1.08031,1.0798031037700209,-9256600,9999997.546,200000.0,49.99998773000001,0.0001527678761561,1.5761245519271634,0.00015,3997.890642425366,tp,516589.5382022278
2024-10-23 07:00:00+00:00,2024-10-23 07:30:00+00:00,2024-10-23 10:30:00+00:00,EUR_USD,1,1.078505,1.07843,1.0780549999999998,8006120,8634039.9916,200000.0,43.170199958,0.0006949238131858,-1.543609103728531,0.00015,-3602.7540000022695,sl,512986.78420222556
2024-10-29 01:30:00+00:00,2024-10-29 02:00:00+00:00,2024-10-29 03:00:00+00:00,NZD_USD,1,0.598125,0.59806,0.5977350000000001,16720720,9999993.8032,200000.0,49.99996901600001,0.000334490111636,-1.7582685472705974,0.0001299999999999,-6521.080799998168,sl,506465.7034022274
2024-11-01 00:00:00+00:00,2024-11-01 00:30:00+00:00,2024-11-01 01:00:00+00:00,NZD_USD,1,0.596455,0.59637,0.596767589412662,9386380,5597755.4406,200000.0,27.988777203,0.0010718562372821,-1.7096723737825146,0.00017,2934.083011222249,tp,509399.7864134496
2024-11-04 00:30:00+00:00,2024-11-04 01:00:00+00:00,2024-11-04 02:00:00+00:00,NZD_USD,-1,0.59956,0.59964,0.6000399999999998,-6304940,3780694.2216000003,200000.0,18.903471108,0.0015870099062827,2.157075985017696,0.0001599999999999,-3026.3711999988263,sl,506373.4152134508
2024-11-06 00:00:00+00:00,2024-11-06 00:30:00+00:00,2024-11-06 01:00:00+00:00,USD_CAD,1,1.3869699999999998,1.3868799999999997,1.3881755590719838,1719920,2385322.649599999,200000.0,11.926613247999995,0.0025153777764925,-3.169188981009067,0.00018,2073.4651590868116,tp,508446.8803725376
2024-11-06 01:00:00+00:00,2024-11-06 01:30:00+00:00,2024-11-06 02:00:00+00:00,USD_CHF,1,0.869435,0.86935,0.8700693193550363,7094380,6167499.2530000005,200000.0,30.837496265,0.0009728410412277,-1.9438384189508848,0.00017,4500.102545982624,tp,512946.9829185202
2024-11-06 02:00:00+00:00,2024-11-06 02:30:00+00:00,2024-11-06 03:00:00+00:00,USD_CHF,1,0.8719600000000001,0.8718700000000001,0.8724913935674943,2102280,1832914.8636000003,200000.0,9.164574318,0.0032734448260587,-1.706056017597776,0.0001799999999999,1117.13806907161,tp,514064.12098759186
2024-11-06 04:00:00+00:00,2024-11-06 04:30:00+00:00,2024-11-06 05:00:00+00:00,USD_CAD,-1,1.39195,1.39205,1.391379826379753,-6157700,8571826.285,200000.0,42.859131425,0.0006999658990971,1.7494280681734398,0.0001999999999999,3510.9581013951215,tp,517575.07908898697
2024-11-06 07:30:00+00:00,2024-11-06 08:00:00+00:00,2024-11-06 08:30:00+00:00,USD_CHF,1,0.874565,0.87449,0.8741150000000001,2956340,2585289.7665999997,200000.0,12.926448832999998,0.0023208105072547,-4.429635863669468,0.0001499999999999,-1330.3529999996895,sl,516244.72608898726
2024-11-06 08:30:00+00:00,2024-11-06 09:00:00+00:00,2024-11-06 10:30:00+00:00,USD_CHF,1,0.8734,0.8733299999999999,0.8748724857967055,10091700,8813384.361000001,200000.0,44.066921805,0.0006807819266702,-3.811318973066712,0.0001399999999999,14859.884914614042,tp,531104.6110036013
2024-11-07 00:00:00+00:00,2024-11-07 00:30:00+00:00,2024-11-07 02:00:00+00:00,USD_CHF,1,0.87678,0.8767,0.8763000000000002,5735300,5028137.51,200000.0,25.140687550000003,0.0011932833562664,-1.6254708290618811,0.0001599999999999,-2752.9439999989327,sl,528351.6670036024
2024-11-07 02:00:00+00:00,2024-11-07 02:30:00+00:00,2024-11-07 03:00:00+00:00,USD_CAD,-1,1.39106,1.39116,1.3901250638069185,-2840980,3952257.7368,200000.0,19.761288684,0.0015181150968113,2.405407319242497,0.0001999999999999,2656.1350258206585,tp,531007.8020294231
2024-11-07 02:00:00+00:00,2024-11-07 02:30:00+00:00,2024-11-07 05:30:00+00:00,USD_CHF,1,0.87574,0.87567,0.8753199999999999,7699760,6742448.839199999,200000.0,33.71224419599999,0.0008898827180212,-2.105770861660269,0.00014,-3233.8992000006697,sl,527773.9028294224
2024-11-07 02:00:00+00:00,2024-11-07 02:30:00+00:00,2024-11-07 03:30:00+00:00,USD_JPY,1,154.421,154.411,154.36099999999996,64200,9913186.2,200000.0,49.565931,0.0006051212022175,-1.8022316370147549,0.0200000000000102,-3852.000000002883,sl,523921.9028294195
2024-11-07 03:00:00+00:00,2024-11-07 03:30:00+00:00,2024-11-07 06:00:00+00:00,USD_CAD,-1,1.38995,1.39004,1.389061098866467,-7194020,9999975.560800001,200000.0,49.999877804,0.0001043094177016,2.313034221041292,0.0001799999999998,6394.772532659982,tp,530316.6753620794
2024-11-19 10:00:00+00:00,2024-11-19 10:30:00+00:00,2024-11-19 11:30:00+00:00,USD_CHF,-1,0.88276,0.88283,0.8831800000000001,-7106820,6274113.9006,200000.0,31.370569503,0.0009563096632544,1.7961925744203813,0.00014,-2984.864400000618,sl,527331.8109620789
2024-11-19 10:00:00+00:00,2024-11-19 10:30:00+00:00,2024-11-19 11:00:00+00:00,USD_JPY,-1,153.654,153.663,153.708,-53840,8273215.92,200000.0,41.366079600000006,0.0007251301494811,2.9930128632801343,0.0180000000000006,-2907.359999999345,sl,524424.4509620795
2024-11-19 11:00:00+00:00,2024-11-19 11:30:00+00:00,2024-11-19 13:30:00+00:00,USD_CAD,-1,1.401825,1.40192,1.4012228567936722,-7133060,9999979.475200001,200000.0,49.999897376,0.000167610515955,1.576783923899243,0.0001900000000001,4295.1236193284885,tp,528719.574581408
2024-11-19 11:00:00+00:00,2024-11-19 11:30:00+00:00,2024-11-19 12:00:00+00:00,USD_JPY,1,153.7665,153.75600000000003,153.9398976771429,65020,9997215.120000003,200000.0,49.986075600000014,8.453662549296353e-05,-1.789113569115199,0.0209999999999865,11274.31696783052,tp,539993.8915492385
2024-11-28 00:00:00+00:00,2024-11-28 00:30:00+00:00,2024-11-28 03:30:00+00:00,NZD_USD,-1,0.589855,0.58994,0.5893632975828684,-10244760,6043793.7144,200000.0,30.218968572,0.0009927537461607,2.1876798219134037,0.00017,5037.373254933026,tp,545031.2648041715
2024-11-29 01:30:00+00:00,2024-11-29 02:00:00+00:00,2024-11-29 03:30:00+00:00,NZD_USD,1,0.5903499999999999,0.59026,0.5907177756751523,16941680,9999996.036799999,200000.0,49.999980184,0.0002201598699364,-1.7664172348755538,0.0001799999999999,6230.737800213914,tp,551262.0026043855
2024-11-29 03:30:00+00:00,2024-11-29 04:00:00+00:00,2024-11-29 06:30:00+00:00,NZD_USD,-1,0.591345,0.5914200000000001,0.591795,-5959240,3524413.7208000007,200000.0,17.622068604000003,0.0017024087813802,1.9089030599457009,0.0001499999999999,-2681.6579999993737,sl,548580.344604386
2024-11-29 07:30:00+00:00,2024-11-29 08:00:00+00:00,2024-11-29 08:30:00+00:00,NZD_USD,-1,0.5921099999999999,0.59219,0.5917729284855259,-9031460,5348340.2974000005,200000.0,26.741701487,0.0011218421829533,1.6548398807461122,0.00016,3044.2479001122238,tp,551624.5925044983
2024-12-10 01:00:00+00:00,2024-12-10 01:30:00+00:00,2024-12-10 04:30:00+00:00,GBP_USD,-1,1.27447,1.27457,1.27482,-7845780,9999995.8146,200000.0,49.999979073,0.0003490428773683,1.5323979144443451,0.0001999999999999,-2746.0230000005686,time,548878.5695044977
2024-12-11 07:30:00+00:00,2024-12-11 08:00:00+00:00,2024-12-11 08:30:00+00:00,EUR_USD,1,1.049,1.04892,1.0499178365957926,3514740,3686681.0807999996,200000.0,18.433405404,0.001627470948216,-2.0479180239885264,0.0001599999999999,3225.956996696818,tp,552104.5265011946
2024-12-12 02:00:00+00:00,2024-12-12 02:30:00+00:00,2024-12-12 03:00:00+00:00,AUD_USD,-1,0.6409199999999999,0.64099,0.6413399999999997,-15600860,9999995.251400001,200000.0,49.99997625699999,0.0003119540803596,3.014051610070399,0.0001399999999999,-6552.361199995294,sl,545552.1653011993
2024-12-12 11:00:00+00:00,2024-12-12 11:30:00+00:00,2024-12-12 12:00:00+00:00,USD_CHF,-1,0.88612,0.88619,0.8865400000000001,-7323260,6489799.7794,200000.0,32.448998897,0.0009245270255035,1.547793734822812,0.00014,-3075.769200000637,sl,542476.3961011986
2024-12-20 08:00:00+00:00,2024-12-20 08:30:00+00:00,2024-12-20 09:00:00+00:00,EUR_USD,-1,1.03948,1.03955,1.0388755657559272,-5014800,5213135.34,200000.0,26.0656767,0.0011509363999284,1.622840222576616,0.00014,3031.116847176022,tp,545507.5129483746
2025-01-13 01:30:00+00:00,2025-01-13 02:00:00+00:00,2025-01-13 02:30:00+00:00,GBP_USD,1,1.21914,1.2190399999999997,1.2185399999999993,5946000,7248411.839999998,200000.0,36.242059199999986,0.0008277670778183,-1.7638283571383655,0.0002000000000002,-3567.600000002908,sl,541939.9129483717
2025-01-13 01:30:00+00:00,2025-01-13 02:00:00+00:00,2025-01-13 03:00:00+00:00,USD_CAD,1,1.4423,1.4422,1.4430911277494416,6933840,9999984.047999999,200000.0,49.999920239999994,1.3866548338910372e-05,-1.5416984864055825,0.0001999999999999,5485.553234188684,tp,547425.4661825604
2025-01-13 02:30:00+00:00,2025-01-13 03:00:00+00:00,2025-01-13 03:30:00+00:00,GBP_USD,1,1.21813,1.2180399999999998,1.2175899999999995,6255380,7619303.055199998,200000.0,38.09651527599999,0.0007874726230221,-2.2229124247456533,0.00018,-3377.9052000006,sl,544047.5609825598
2025-01-13 03:30:00+00:00,2025-01-13 04:00:00+00:00,2025-01-13 05:00:00+00:00,GBP_USD,1,1.2144,1.2143099999999998,1.2138599999999995,5459880,6629986.882799999,200000.0,33.14993441399999,0.0009049773755657,-2.9403329711617427,0.00018,-2948.335200000524,sl,541099.2257825593
2025-01-14 00:30:00+00:00,2025-01-14 01:00:00+00:00,2025-01-14 04:00:00+00:00,USD_CAD,1,1.43798,1.43788,1.43743,6954680,9999995.2784,200000.0,49.999976392,0.0003025992229808,-1.8907093944662996,0.0001999999999999,-3825.0740000003516,time,537274.151782559
2025-01-24 06:30:00+00:00,2025-01-24 07:00:00+00:00,2025-01-24 07:30:00+00:00,NZD_USD,-1,0.5713550000000001,0.5714300000000001,0.5710618091937857,-17499940,9999990.714200001,200000.0,49.999953571000006,0.0001137517062756,1.7427838613833837,0.0001499999999999,5130.821517304104,tp,542404.973299863
2025-02-20 01:30:00+00:00,2025-02-20 02:00:00+00:00,2025-02-20 02:30:00+00:00,AUD_USD,1,0.63334,0.63327,0.6337198564943265,4771900,3021901.113,200000.0,15.109505565,0.0019855026788529,-1.8948001186358656,0.00014,1812.6372052765319,tp,544217.6105051396
2025-02-21 02:30:00+00:00,2025-02-21 03:00:00+00:00,2025-02-21 05:00:00+00:00,GBP_USD,-1,1.267315,1.2674,1.2663691729022577,-5682080,7201468.191999999,200000.0,36.00734095999999,0.0008331622257673,2.012728153503491,0.00017,5374.265235540022,tp,549591.8757406796
2025-02-24 01:30:00+00:00,2025-02-24 02:00:00+00:00,2025-02-24 02:30:00+00:00,AUD_USD,1,0.63699,0.6369199999999999,0.637489513906278,12363060,7874280.175199999,200000.0,39.371400876,0.0007619735901525,-2.3508415353733008,0.0001399999999999,6175.520394150027,tp,555767.3961348296
2025-02-24 02:00:00+00:00,2025-02-24 02:30:00+00:00,2025-02-24 05:30:00+00:00,EUR_USD,-1,1.0519349999999998,1.0520099999999997,1.051645,-9505600,9999986.255999997,200000.0,49.999931279999984,0.0001235970545869,2.4360323095768996,0.0001499999999998,2756.623999998008,time,558524.0201348276
2025-02-24 02:00:00+00:00,2025-02-24 02:30:00+00:00,2025-02-24 03:30:00+00:00,USD_JPY,1,149.35250000000002,149.346,149.27062828566477,53520,7992997.92,200000.0,39.9649896,0.0007504665288581,-1.6774379195668954,0.0130000000000052,-4381.7741512218245,sl,554142.2459836059
2025-02-24 03:00:00+00:00,2025-02-24 03:30:00+00:00,2025-02-24 04:00:00+00:00,NZD_USD,-1,0.57639,0.57647,0.576020252104415,-17346940,9999990.5018,200000.0,49.999952509,0.0002948522270016,2.014680508340406,0.00016,6413.994559839719,tp,560556.2405434456
2025-02-28 01:30:00+00:00,2025-02-28 02:00:00+00:00,2025-02-28 05:00:00+00:00,EUR_USD,1,1.0385,1.03842,1.0388700000000002,4639320,4817562.6744,200000.0,24.087813372,0.0012454378026438,-1.7848171133114772,0.0001600000000001,1716.548400000944,time,562272.7889434465
2025-02-28 06:30:00+00:00,2025-02-28 07:00:00+00:00,2025-02-28 07:30:00+00:00,USD_CHF,1,0.899745,0.89968,0.900275248464075,11115060,9999997.1808,200000.0,49.999985904,5.55682127594571e-05,-1.6137388568595448,0.0001299999999999,5893.743493101598,tp,568166.532436548
2025-03-04 08:00:00+00:00,2025-03-04 08:30:00+00:00,2025-03-04 10:00:00+00:00,EUR_USD,-1,1.0517249999999998,1.0518099999999997,1.051056481228939,-2468320,2596203.659199999,200000.0,12.981018295999997,0.002311064519203,1.6499548119070406,0.00017,1650.1182529852867,tp,569816.6506895333
2025-03-06 10:30:00+00:00,2025-03-06 11:00:00+00:00,2025-03-06 11:30:00+00:00,USD_CHF,-1,0.88679,0.88687,0.8861616889747577,-4864620,4314285.5394,200000.0,21.571427697,0.0013907266124264,1.5470037996960164,0.00016,3056.494379614471,tp,572873.1450691478
2025-03-10 11:30:00+00:00,2025-03-10 12:00:00+00:00,2025-03-10 12:30:00+00:00,USD_CAD,1,1.43948,1.43939,1.4410667190949102,3654580,5260365.9062,200000.0,26.301829531000003,0.0011405997885718,-1.967973701389536,0.00018,5798.79186987714,tp,578671.936939025
2025-04-02 03:00:00+00:00,2025-04-02 03:30:00+00:00,2025-04-02 05:30:00+00:00,AUD_USD,-1,0.6300399999999999,0.6300999999999999,0.6295556651114466,-14446920,9103004.291999998,200000.0,45.515021459999986,0.0006591224935477,2.2365216387503297,0.00012,6997.14738813869,tp,585669.0843271636
2025-04-04 06:00:00+00:00,2025-04-04 06:30:00+00:00,2025-04-04 07:00:00+00:00,AUD_USD,-1,0.624105,0.62417,0.6234477221776278,-7652120,4776223.7404000005,200000.0,23.881118702,0.0012562210949127,2.5144760410801745,0.0001299999999999,5029.568770131046,tp,590698.6530972947
2025-04-08 07:00:00+00:00,2025-04-08 07:30:00+00:00,2025-04-08 08:00:00+00:00,NZD_USD,-1,0.5613900000000001,0.5614700000000001,0.5608641887737078,-16203200,9097610.704000002,200000.0,45.48805352000001,0.0006595130298386,1.7358408544299269,0.00016,8519.824461859482,tp,599218.4775591542
2025-04-08 07:30:00+00:00,2025-04-08 08:00:00+00:00,2025-04-08 08:30:00+00:00,EUR_USD,1,1.092365,1.09229,1.09359965383201,1712580,1870634.0082,200000.0,9.353170041,0.0032074679709458,-1.6590009585580467,0.00015,2114.4434596233846,tp,601332.9210187775
2025-04-10 10:00:00+00:00,2025-04-10 10:30:00+00:00,2025-04-10 11:30:00+00:00,USD_CAD,-1,1.40676,1.40687,1.4075269646685753,-7107960,9999975.6852,200000.0,49.999878426,0.0005222043417561,1.5093660969297118,0.0002200000000001,-5451.5541856464,sl,595881.3668331312
2025-05-13 07:00:00+00:00,2025-05-13 07:30:00+00:00,2025-05-13 08:00:00+00:00,USD_CAD,1,1.3974,1.39731,1.398292208863429,5475500,7650970.905,200000.0,38.254854525,0.0007842126183033,-1.5880258156701146,0.0001799999999998,4885.2896317060995,tp,600766.6564648373
2025-05-13 07:30:00+00:00,2025-05-13 08:00:00+00:00,2025-05-13 09:30:00+00:00,USD_CHF,-1,0.840655,0.84074,0.841165,-3928300,3302678.9420000003,200000.0,16.513394710000004,0.0018167029809364,1.8092585168857884,0.00017,-2003.433000000041,sl,598763.2234648373
2025-05-13 08:00:00+00:00,2025-05-13 08:30:00+00:00,2025-05-13 09:30:00+00:00,USD_CAD,1,1.398985,1.39888,1.3983549999999998,7148560,9999977.6128,200000.0,49.999888064,0.0002252139532554,-2.494946068264829,0.00021,-4503.592800000933,sl,594259.6306648363
2025-06-11 03:00:00+00:00,2025-06-11 03:30:00+00:00,2025-06-11 04:00:00+00:00,NZD_USD,1,0.6028,0.60274,0.6032070023443142,16590900,9999999.066000002,200000.0,49.99999533,0.0003233857660511,-1.655218197602197,0.0001199999999998,6752.535194283015,tp,601012.1658591193
2025-06-13 05:00:00+00:00,2025-06-13 05:30:00+00:00,2025-06-13 06:00:00+00:00,USD_CHF,1,0.811475,0.81139,0.8109649999999999,3271620,2654559.7518,200000.0,13.272798759,0.0022602498625941,-2.523230216918214,0.00017,-1668.5262000000341,sl,599343.6396591193
2025-06-13 06:00:00+00:00,2025-06-13 06:30:00+00:00,2025-06-13 07:30:00+00:00,USD_CHF,1,0.8107249999999999,0.8106499999999999,0.8114217540972036,8444080,6845193.451999999,200000.0,34.22596725999999,0.0008765269778954,-1.8086225940056568,0.0001499999999999,5883.447337116381,tp,605227.0869962357
2025-06-17 07:00:00+00:00,2025-06-17 07:30:00+00:00,2025-06-17 08:30:00+00:00,GBP_USD,1,1.35609,1.356,1.3555500000000005,7374620,9999984.719999999,200000.0,49.9999236,0.0001216585376643,-1.56246829546706,0.0001799999999998,-3982.2947999966136,sl,601244.7921962391
2025-06-19 09:00:00+00:00,2025-06-19 09:30:00+00:00,2025-06-19 10:00:00+00:00,USD_CHF,-1,0.81657,0.81664,0.8169900000000001,-11206640,9151790.4896,200000.0,45.758952448,0.0006556091344121,3.24039321009057,0.00014,-4706.788800000974,sl,596538.0033962381
2025-06-23 11:00:00+00:00,2025-06-23 11:30:00+00:00,2025-06-23 12:00:00+00:00,AUD_USD,1,0.6380699999999999,0.63801,0.6384096062171425,15673720,9999990.097199999,200000.0,49.999950486,0.0001802634982089,-1.5050339519627018,0.00012,5322.892757751034,tp,601860.8961539891
2025-06-23 11:00:00+00:00,2025-06-23 11:30:00+00:00,2025-06-23 12:00:00+00:00,NZD_USD,1,0.58894,0.58886,0.5892626246796059,16981960,9999996.965599999,200000.0,49.999984828,0.0001443479294563,-1.5795462426911098,0.0001599999999999,5478.7994040796175,tp,607339.6955580687
2025-07-08 00:00:00+00:00,2025-07-08 00:30:00+00:00,2025-07-08 01:00:00+00:00,USD_JPY,1,145.9835,145.976,146.11868725779203,57100,8335229.6,200000.0,41.676148,0.0007197770747575,-1.931715241609457,0.0150000000000147,7719.192419924691,tp,615058.8879779935
2025-07-08 01:00:00+00:00,2025-07-08 01:30:00+00:00,2025-07-08 02:00:00+00:00,USD_JPY,1,146.192,146.183,146.13655384005386,68400,9998917.2,200000.0,49.994586,0.000232624967501,-1.6136289406482198,0.0180000000000006,-3792.517340315231,sl,611266.3706376782
2025-07-08 02:00:00+00:00,2025-07-08 02:30:00+00:00,2025-07-08 04:00:00+00:00,USD_JPY,1,146.10700000000003,146.098,146.05300000000005,42440,6200399.12,200000.0,31.0019956,0.0009675312909192,-1.6318396965732025,0.0180000000000006,-2291.759999999484,sl,608974.6106376788
2025-07-14 01:00:00+00:00,2025-07-14 01:30:00+00:00,2025-07-14 02:00:00+00:00,EUR_USD,-1,1.16946,1.16954,1.1684013735955154,-8550360,9999988.034400001,200000.0,49.999940172,9.406935476953116e-05,2.681089434885116,0.0001599999999999,9051.63686384911,tp,618026.2475015278
2025-07-14 01:00:00+00:00,2025-07-14 01:30:00+00:00,2025-07-14 02:00:00+00:00,USD_JPY,-1,146.9805,146.989,147.0315,-68020,9998191.78,200000.0,49.9909589,0.0001871346621031,2.00439057006296,0.0169999999999959,-3469.0199999991646,sl,614557.2275015287
2025-07-14 02:00:00+00:00,2025-07-14 02:30:00+00:00,2025-07-14 05:30:00+00:00,EUR_USD,-1,1.168145,1.16822,1.1672443707759097,-8560020,9999986.5644,200000.0,49.999932822000005,0.0002695856084077,2.3576564700890827,0.00015,7709.404170799248,tp,622266.6316723279
2025-07-16 03:00:00+00:00,2025-07-16 03:30:00+00:00,2025-07-16 06:30:00+00:00,NZD_USD,1,0.59494,0.5948500000000001,0.595105,16810960,9999999.556000002,200000.0,49.99999778000001,0.0005129196902301,-1.7278056674947584,0.0001799999999999,2773.8083999985747,time,625040.4400723265
2025-07-22 07:30:00+00:00,2025-07-22 08:00:00+00:00,2025-07-22 11:00:00+00:00,USD_CHF,-1,0.79742,0.79749,0.79722,-12539340,9999998.2566,200000.0,49.99999128300001,0.0005326849200031,2.426879066607655,0.00014,2507.867999999724,time,627548.3080723262
2025-07-28 11:00:00+00:00,2025-07-28 11:30:00+00:00,2025-07-28 13:00:00+00:00,USD_CHF,1,0.801255,0.80117,0.8018351639787649,12481740,9999995.6358,200000.0,49.999978179,0.0002684010785978,-1.8442163859499736,0.00017,7241.455940307928,tp,634789.764012634
2025-08-18 01:00:00+00:00,2025-08-18 01:30:00+00:00,2025-08-18 02:30:00+00:00,USD_JPY,1,147.5445,147.538,147.48309204856506,51900,7657222.199999999,200000.0,38.286111000000005,0.0007834279551516,-1.5123965862527806,0.0129999999999768,-3187.0726794736015,sl,631602.6913331605
2025-08-20 02:00:00+00:00,2025-08-20 02:30:00+00:00,2025-08-20 03:00:00+00:00,EUR_USD,-1,1.16268,1.16276,1.1631599999999995,-8600220,9999991.8072,200000.0,49.999959036,5.160224985801673e-05,3.138971823650761,0.0001599999999999,-4128.105599997445,sl,627474.585733163
2025-08-20 03:00:00+00:00,2025-08-20 03:30:00+00:00,2025-08-20 04:30:00+00:00,NZD_USD,1,0.583415,0.58334,0.5829650000000001,17142660,9999999.284400001,200000.0,49.999996421999995,0.0003257747867462,-6.830199298969445,0.0001499999999999,-7714.196999998198,sl,619760.3887331649
2025-08-26 07:00:00+00:00,2025-08-26 07:30:00+00:00,2025-08-26 09:00:00+00:00,EUR_USD,1,1.161855,1.1617800000000005,1.1626437628634592,8607480,9999998.114400001,200000.0,49.99999057200001,0.0003183548796487,-2.207576720759292,0.0001499999999998,6789.26057196581,tp,626549.6493051307
2025-09-18 00:00:00+00:00,2025-09-18 00:30:00+00:00,2025-09-18 01:00:00+00:00,GBP_USD,-1,1.362655,1.36275,1.362009550033616,-7338100,9999995.774999999,200000.0,49.999978875,0.0002237776603861,1.7406657944298076,0.0001899999999999,4736.3763983219715,tp,631286.0257034526
2025-09-18 00:00:00+00:00,2025-09-18 00:30:00+00:00,2025-09-18 03:30:00+00:00,NZD_USD,1,0.592245,0.59218,0.592585,5228080,3095964.4144,200000.0,15.479822072,0.0019380008257569,-7.950096419480135,0.0001299999999999,1777.5472000000366,time,633063.5729034527
2025-09-18 00:00:00+00:00,2025-09-18 00:30:00+00:00,2025-09-18 01:00:00+00:00,USD_CHF,-1,0.788705,0.78877,0.7890949999999999,-12677960,9999994.5092,200000.0,49.999972546,0.0003551384088529,1.8264446218324164,0.0001299999999999,-4944.404399998611,sl,628119.1685034541
2025-09-22 01:30:00+00:00,2025-09-22 02:00:00+00:00,2025-09-22 05:00:00+00:00,USD_CAD,1,1.3796149999999998,1.37953,1.3796849999999998,7248840,9999992.2452,200000.0,49.999961226,0.0001377385504828,-2.526542908030709,0.00017,507.41879999930035,time,628626.5873034534
2025-09-24 03:00:00+00:00,2025-09-24 03:30:00+00:00,2025-09-24 05:30:00+00:00,AUD_USD,-1,0.661695,0.66176,0.6620849999999999,-11889080,7867717.580800001,200000.0,39.338587904,0.0007626094835397,3.2947854198048963,0.0001299999999999,-4636.741199998698,sl,623989.8461034547
2025-09-30 07:00:00+00:00,2025-09-30 07:30:00+00:00,2025-09-30 08:00:00+00:00,AUD_USD,1,0.660475,0.66041,0.6607551647210287,9669280,6385689.2048,200000.0,31.928446024000003,0.0009396003667473,-1.549431021124409,0.0001299999999999,2708.9911337479325,tp,626698.8372372026
2025-09-30 07:00:00+00:00,2025-09-30 07:30:00+00:00,2025-09-30 09:00:00+00:00,NZD_USD,-1,0.580105,0.58017,0.5798289260168026,-12891420,7479215.1414,200000.0,37.396075707,0.0008022220688704,1.6184924952719852,0.0001299999999999,3558.9856684706283,tp,630257.8229056732
2025-09-30 08:00:00+00:00,2025-09-30 08:30:00+00:00,2025-09-30 10:30:00+00:00,USD_JPY,-1,147.93099999999998,147.93899999999996,147.97899999999996,-50020,7399908.7799999975,200000.0,36.99954389999999,0.0008105315060353,1.5308493462937314,0.0159999999999911,-2400.9599999993798,sl,627856.8629056738
2025-10-06 11:30:00+00:00,2025-10-06 12:00:00+00:00,2025-10-06 12:30:00+00:00,GBP_USD,1,1.342495,1.3424,1.3430678432540664,7449340,9999994.015999999,200000.0,49.99997008,0.0002234145941861,-1.5608924195832243,0.0001899999999999,4267.304166246762,tp,632124.1670719206
2025-11-04 09:00:00+00:00,2025-11-04 09:30:00+00:00,2025-11-04 10:00:00+00:00,USD_CAD,-1,1.4066299999999998,1.40672,1.40717,-7108720,9999978.5984,200000.0,49.999892992,7.109240590892707e-06,1.876037134937453,0.00018,-3838.708800000682,sl,628285.45827192
2025-12-09 08:00:00+00:00,2025-12-09 08:30:00+00:00,2025-12-09 09:00:00+00:00,USD_JPY,1,156.36700000000002,156.35900000000004,156.29591204473252,34740,5431911.660000001,200000.0,27.159558300000004,0.001104392280138,-1.509357159294171,0.0159999999999911,-2469.5955659934784,sl,625815.8627059264
2026-01-07 03:00:00+00:00,2026-01-07 03:30:00+00:00,2026-01-07 04:00:00+00:00,AUD_USD,-1,0.675515,0.67558,0.6759049999999999,-8209500,5546174.01,200000.0,27.730870049999996,0.0010818260631165,1.6807652892403842,0.0001299999999999,-3201.704999999101,sl,622614.1577059274
2026-01-15 09:00:00+00:00,2026-01-15 09:30:00+00:00,2026-01-15 11:00:00+00:00,USD_CAD,1,1.39074,1.39065,1.3902,7190880,9999997.272,200000.0,49.99998636,8.629244509662112e-05,-1.5069878435871802,0.00018,-3883.0752000006896,sl,618731.0825059267
2026-02-06 01:30:00+00:00,2026-02-06 02:00:00+00:00,2026-02-06 04:30:00+00:00,USD_CAD,1,1.37044,1.3703499999999995,1.3698999999999997,7297400,9999992.089999998,200000.0,49.99996044999999,0.0004886551771922,-1.5032779743002374,0.00018,-3940.5960000007003,sl,614790.486505926
2026-02-11 02:00:00+00:00,2026-02-11 02:30:00+00:00,2026-02-11 03:00:00+00:00,AUD_USD,-1,0.71122,0.71129,0.71164,-3499980,2489500.7742,200000.0,12.447503871,0.0024101140223534,1.577192858813521,0.00014,-1469.9916000003043,sl,613320.4949059257
2026-02-11 03:00:00+00:00,2026-02-11 03:30:00+00:00,2026-02-11 04:30:00+00:00,AUD_USD,-1,0.712235,0.7122999999999999,0.7114944531673417,-14039020,9999993.945999999,200000.0,49.99996973,0.0005338165778142,1.8931759936550911,0.00013,10396.551794624747,tp,623717.0467005504
2026-02-23 10:00:00+00:00,2026-02-23 10:30:00+00:00,2026-02-23 11:00:00+00:00,NZD_USD,-1,0.5976600000000001,0.5977400000000002,0.5973807799589745,-16729680,9999998.923200002,200000.0,49.99999461600001,0.0005769182531918,1.5326948055137302,0.00016,4671.261935945098,tp,628388.3086364955
2026-03-20 03:00:00+00:00,2026-03-20 03:30:00+00:00,2026-03-20 04:00:00+00:00,NZD_USD,-1,0.588495,0.58858,0.5881831171998598,-16990040,9999997.7432,200000.0,49.999988716,0.0003906747632595,1.6556716920677257,0.00017,5298.901249693356,tp,633687.2098861889
2026-03-26 07:00:00+00:00,2026-03-26 07:30:00+00:00,2026-03-26 08:00:00+00:00,NZD_USD,1,0.5790550000000001,0.57898,0.5786050000000001,7418720,4295290.505600001,200000.0,21.476452528000003,0.0013968768592687,-1.7892755911926972,0.0001499999999999,-3338.4239999992205,sl,630348.7858861897
2026-03-26 08:00:00+00:00,2026-03-26 08:30:00+00:00,2026-03-26 09:00:00+00:00,NZD_USD,1,0.57831,0.57823,0.5785970458345833,17294140,9999990.5722,200000.0,49.999952861,0.0001556016597512,-1.603291139517919,0.0001599999999999,4964.210849700037,tp,635312.9967358897
